index,instance,numcons,conseed,blipseed,score,timestamp,num_constraints,num_satisfied
0,mildew,10,1,2,-281322.676,final,50,33
1,win95pts,10,1,2,-54125.09,30,50,47
2,munin,50,1,2,-1120976.662,60,250,230
3,water,10,1,2,-74556.843,30,50,29
4,andes,25,3,1,-524705.11,60,125,95
5,andes,10,1,1,-507795.15,final,50,42
6,munin4,75,2,1,-1150323.457,final,375,326
7,hepar2,25,1,2,-167872.983,30,125,84
8,pathfinder,10,1,1,-171840.78,60,50,48
9,alarm,5,3,2,-57218.048,final,25,23
10,pigs,75,2,1,-1969266.661,60,375,315
11,hepar2,10,1,2,-166605.125,30,50,40
12,munin1,25,3,2,-310462.577,60,125,110
13,water,5,3,1,-68970.569,final,25,24
14,hailfinder,25,1,2,-282302.511,60,125,87
15,cancer,10,2,3,-10582.736,30,5,4
16,diabetes,50,2,2,-2597812.99,30,250,192
17,link,25,1,3,-1673438.046,60,125,112
18,diabetes,25,3,2,-2497935.872,60,125,110
19,link,75,3,3,-1730792.657,60,375,292
20,hailfinder,10,3,3,-276087.128,30,50,40
21,hailfinder,50,1,2,-300617.171,60,160,89
22,andes,50,2,1,-544144.891,30,250,147
23,hailfinder,10,2,3,-268038.217,60,50,38
24,survey,5,3,3,-19714.342,60,10,9
25,diabetes,25,1,3,-2435754.929,30,125,102
26,water,5,3,2,-68806.634,30,25,24
27,diabetes,10,1,3,-2334502.842,60,50,45
28,pigs,50,3,3,-1933313.825,final,250,229
29,munin1,50,2,1,-380534.742,final,250,161
30,win95pts,25,1,2,-71136.804,60,125,72
31,munin2,75,3,3,-975607.148,final,375,333
32,pigs,50,2,3,-1936156.286,final,250,221
33,alarm,5,1,1,-57836.934,60,25,23
34,munin1,10,2,1,-273469.459,final,50,49
35,win95pts,50,3,1,-83805.582,30,250,124
36,andes,50,2,2,-545803.465,60,250,148
37,mildew,5,2,2,-274372.436,60,25,23
38,munin4,75,3,1,-1136380.501,30,375,332
39,munin3,50,2,3,-967229.071,final,250,233
40,munin1,25,3,1,-309189.102,60,125,110
41,hailfinder,50,3,3,-304623.714,final,160,104
42,hepar2,10,1,2,-166605.125,60,50,40
43,munin3,75,1,2,-987063.331,30,375,316
44,hailfinder,50,3,3,-304662.756,30,160,103
45,hepar2,10,2,3,-165224.719,final,50,46
46,win95pts,10,3,2,-59349.331,final,50,39
47,munin2,50,2,1,-959390.494,30,250,223
48,munin4,50,3,2,-1112841.741,30,250,220
49,andes,25,1,3,-524847.921,30,125,88
50,water,5,3,3,-68867.272,60,25,24
51,andes,50,1,2,-540810.992,final,250,164
52,diabetes,10,1,2,-2344795.869,30,50,47
53,hepar2,10,2,2,-165756.71,final,50,39
54,barley,5,3,1,-315631.143,30,25,21
55,asia,10,1,3,-11548.251,60,15,15
56,munin1,50,1,1,-373088.149,30,250,153
57,asia,5,1,2,-11548.251,final,15,15
58,hailfinder,50,2,1,-301056.633,final,160,95
59,asia,5,3,1,-12837.513,final,15,12
60,diabetes,25,1,1,-2445467.799,final,125,107
61,sachs,5,1,1,-38733.51,final,25,19
62,barley,5,3,2,-314605.608,60,25,21
63,munin2,50,1,3,-968403.757,60,250,224
64,andes,25,1,3,-524847.921,60,125,88
65,mildew,10,1,3,-281322.676,final,50,33
66,munin,50,2,3,-1132519.649,30,250,225
67,alarm,10,2,2,-67362.709,final,50,41
68,pathfinder,50,2,1,-249425.747,30,250,154
69,munin1,50,3,3,-354261.409,final,250,171
70,hepar2,50,3,3,-171083.448,final,230,122
71,survey,5,2,3,-19714.342,final,10,9
72,munin2,50,1,2,-965944.393,30,250,219
73,asia,10,2,3,-11548.251,final,15,15
74,link,75,3,2,-1723551.738,60,375,287
75,hepar2,50,2,1,-169845.238,60,230,143
76,win95pts,10,2,2,-58187.258,30,50,43
77,andes,50,3,3,-540298.115,30,250,150
78,pathfinder,10,3,2,-164174.559,final,50,46
79,munin1,10,3,3,-267354.728,30,50,46
80,water,10,2,2,-72629.067,30,50,35
81,munin2,75,1,1,-961206.875,30,375,332
82,link,50,2,1,-1693462.294,30,250,211
83,munin2,25,1,3,-939185.865,30,125,115
84,hailfinder,50,1,3,-300617.339,60,160,89
85,hailfinder,50,2,3,-300741.798,30,160,94
86,munin1,25,2,2,-315678.106,30,125,94
87,mildew,5,2,2,-274372.436,30,25,23
88,barley,10,2,3,-331900.92,60,50,36
89,mildew,10,3,1,-288540.903,30,50,32
90,alarm,10,1,3,-68106.525,60,50,41
91,munin2,25,2,2,-949689.464,60,125,117
92,win95pts,50,3,1,-82787.709,60,250,125
93,munin,50,1,2,-1120976.662,final,250,230
94,andes,10,2,3,-513336.607,final,50,41
95,diabetes,10,2,1,-2343794.389,60,50,41
96,win95pts,25,2,2,-76122.957,final,125,78
97,barley,5,2,3,-314356.036,30,25,23
98,pigs,50,2,3,-1936156.286,30,250,221
99,barley,5,2,2,-316768.106,30,25,23
100,hailfinder,10,3,1,-272608.855,final,50,40
101,pigs,75,3,3,-1965727.379,60,375,314
102,andes,25,1,1,-523776.069,30,125,90
103,win95pts,10,3,1,-59458.692,30,50,39
104,hailfinder,10,1,3,-277636.393,60,50,39
105,munin4,75,1,1,-1137509.434,30,375,341
106,diabetes,25,3,3,-2471956.619,final,125,110
107,hailfinder,10,2,1,-267658.275,final,50,38
108,munin,50,3,2,-1120468.729,30,250,223
109,munin,75,3,1,-1148353.743,60,375,307
110,diabetes,10,3,3,-2349864.302,final,50,48
111,pathfinder,50,3,2,-249914.951,30,250,148
112,munin1,50,2,2,-376775.665,final,250,160
113,hepar2,25,1,1,-167889.435,final,125,82
114,andes,50,3,3,-540298.115,final,250,150
115,pigs,75,2,3,-1973081.79,30,375,308
116,pigs,25,1,3,-1913737.656,60,125,125
117,barley,5,2,3,-314356.036,final,25,23
118,pigs,25,1,2,-1911144.161,30,125,125
119,munin,25,1,1,-1097085.431,60,125,117
120,insurance,10,2,3,-78442.708,30,50,39
121,hepar2,25,3,3,-168777.234,60,125,88
122,munin2,25,2,2,-949689.464,30,125,117
123,sachs,5,1,2,-38733.51,30,25,19
124,munin1,10,1,3,-264036.28,30,50,46
125,link,50,2,1,-1674152.02,60,250,212
126,hepar2,25,3,1,-168771.497,30,125,88
127,munin,50,1,3,-1124149.66,final,250,233
128,sachs,10,1,3,-38452.851,final,40,32
129,asia,5,3,2,-12837.513,30,15,12
130,munin1,10,1,3,-264034.041,60,50,46
131,hailfinder,10,3,1,-272608.855,60,50,40
132,pathfinder,25,3,1,-197215.102,final,125,98
133,hailfinder,25,2,1,-307438.962,30,125,74
134,link,25,1,2,-1683443.606,final,125,111
135,barley,10,3,3,-335719.522,final,50,31
136,alarm,10,3,1,-67155.624,30,50,40
137,hepar2,50,2,3,-169844.983,60,230,141
138,hailfinder,10,3,3,-276087.128,final,50,40
139,diabetes,10,1,1,-2330390.863,30,50,44
140,sachs,10,2,1,-36512.303,final,40,39
141,pathfinder,10,1,1,-172574.542,30,50,48
142,pathfinder,25,1,3,-189653.773,60,125,103
143,diabetes,10,2,2,-2370463.068,60,50,43
144,munin1,25,1,1,-302689.141,60,125,95
145,hepar2,25,1,2,-167872.767,60,125,84
146,alarm,5,2,3,-60193.147,final,25,23
147,hailfinder,50,3,2,-304923.346,final,160,102
148,hepar2,25,2,2,-168698.284,60,125,82
149,munin,75,1,2,-1168276.902,final,375,317
150,asia,5,3,3,-12837.513,final,15,12
151,hailfinder,25,3,3,-289655.413,30,125,80
152,pigs,50,2,2,-1928533.312,60,250,224
153,water,10,3,2,-71692.372,final,50,30
154,munin3,25,1,1,-947954.804,60,125,116
155,munin,50,1,3,-1124149.66,60,250,233
156,pathfinder,25,2,3,-187559.825,final,125,106
157,munin,75,1,2,-1168276.902,60,375,317
158,hailfinder,25,2,1,-307438.962,60,125,74
159,andes,10,1,2,-510280.722,60,50,42
160,pigs,75,2,3,-1973081.79,final,375,308
161,munin3,50,2,2,-965802.723,30,250,234
162,hailfinder,25,2,2,-305577.255,final,125,75
163,hepar2,50,1,1,-170406.794,30,230,132
164,munin2,75,1,2,-960013.787,60,375,331
165,win95pts,25,2,1,-76252.161,60,125,78
166,win95pts,50,1,1,-85100.794,30,250,125
167,pigs,50,2,1,-1938247.0,60,250,224
168,pathfinder,25,2,1,-188293.854,30,125,106
169,munin,75,2,3,-1161605.772,30,375,317
170,asia,10,3,1,-12837.513,60,15,12
171,pathfinder,10,2,3,-167874.222,final,50,47
172,hepar2,25,1,3,-167904.343,30,125,82
173,asia,10,3,2,-12837.513,60,15,12
174,pigs,25,3,2,-1921390.929,final,125,122
175,pathfinder,50,3,1,-252962.048,final,250,155
176,win95pts,10,2,2,-57881.094,final,50,43
177,link,50,1,2,-1701711.801,30,250,206
178,alarm,10,2,1,-67505.27,final,50,41
179,alarm,5,2,1,-60244.985,30,25,23
180,munin3,50,2,1,-964353.175,30,250,233
181,munin4,50,2,2,-1115101.913,30,250,228
182,munin2,50,2,2,-959512.403,final,250,223
183,pathfinder,50,2,3,-247421.669,60,250,156
184,win95pts,25,3,2,-70912.276,30,125,84
185,munin1,25,2,1,-316601.225,30,125,94
186,alarm,10,3,2,-68588.114,final,50,36
187,munin3,25,3,3,-946027.999,30,125,110
188,barley,5,1,3,-324587.738,final,25,25
189,andes,10,2,2,-510017.454,60,50,42
190,munin3,25,1,3,-947527.168,30,125,115
191,hepar2,10,3,1,-165639.683,30,50,38
192,diabetes,25,1,3,-2435754.929,final,125,102
193,munin1,10,2,1,-273469.459,60,50,49
194,munin,25,3,2,-1096044.938,30,125,118
195,asia,10,3,2,-12837.513,final,15,12
196,child,5,3,3,-62079.631,final,25,25
197,andes,25,2,2,-523112.817,30,125,87
198,munin4,75,3,3,-1136355.512,30,375,333
199,pathfinder,10,3,1,-163764.14,60,50,46
200,link,75,2,3,-1715277.131,final,375,299
201,munin4,75,2,1,-1150323.457,30,375,326
202,survey,10,3,3,-19714.342,final,10,9
203,survey,5,2,2,-19714.342,30,10,9
204,hepar2,10,2,1,-165537.748,final,50,45
205,water,5,1,3,-69746.929,final,25,22
206,barley,5,3,3,-315540.465,30,25,21
207,diabetes,50,1,2,-2631543.244,30,250,192
208,mildew,10,3,3,-288651.311,30,50,32
209,barley,10,2,2,-332766.526,final,50,36
210,pathfinder,10,1,3,-172456.009,30,50,48
211,munin2,25,1,1,-940188.921,30,125,117
212,munin3,50,1,3,-964210.459,30,250,219
213,survey,10,2,1,-19714.342,final,10,9
214,pathfinder,25,3,1,-197215.102,60,125,98
215,pigs,50,3,1,-1935243.645,final,250,228
216,diabetes,25,3,2,-2499956.446,30,125,108
217,pigs,25,3,2,-1921390.929,30,125,122
218,barley,10,2,1,-333102.614,60,50,36
219,diabetes,50,1,3,-2625871.175,final,250,193
220,mildew,5,2,3,-274372.436,60,25,23
221,munin2,50,1,3,-968403.757,final,250,224
222,link,50,3,1,-1699016.013,60,250,203
223,munin3,50,3,3,-958745.874,60,250,227
224,munin2,75,1,1,-961206.875,60,375,332
225,munin2,50,1,1,-966697.175,30,250,216
226,mildew,5,1,3,-274044.533,30,25,23
227,win95pts,25,2,3,-76320.244,60,125,78
228,munin,25,1,2,-1100181.649,30,125,117
229,munin3,50,2,1,-963838.276,60,250,235
230,munin1,10,2,1,-273469.459,30,50,49
231,alarm,5,3,1,-57244.342,final,25,23
232,pathfinder,10,3,3,-163977.097,final,50,46
233,win95pts,10,1,2,-53849.102,60,50,47
234,water,5,3,2,-68806.634,60,25,24
235,pigs,75,2,2,-1966497.393,final,375,321
236,win95pts,10,3,2,-59349.331,60,50,39
237,andes,10,2,1,-508077.915,final,50,42
238,hailfinder,10,2,3,-268038.217,30,50,38
239,andes,10,3,3,-509332.995,final,50,42
240,pathfinder,25,1,3,-189653.773,final,125,103
241,win95pts,50,3,2,-83269.821,final,250,128
242,hepar2,10,2,1,-165537.748,30,50,45
243,diabetes,50,1,2,-2631543.244,final,250,192
244,hepar2,10,3,1,-165639.683,final,50,38
245,hepar2,10,2,2,-165756.71,60,50,39
246,munin4,25,1,2,-1086079.463,30,125,113
247,win95pts,10,2,1,-58153.276,30,50,43
248,hepar2,25,1,2,-167872.767,final,125,84
249,munin4,50,1,1,-1105359.854,30,250,232
250,insurance,5,2,1,-75957.902,60,25,24
251,hailfinder,50,3,2,-304923.346,60,160,102
252,mildew,5,2,2,-274372.436,final,25,23
253,diabetes,25,2,2,-2457854.823,30,125,105
254,hailfinder,25,2,3,-307438.962,60,125,74
255,pathfinder,10,2,1,-167723.347,60,50,47
256,win95pts,50,3,3,-83270.172,60,250,128
257,hailfinder,25,1,2,-282324.654,30,125,87
258,link,50,1,3,-1696062.128,60,250,206
259,pathfinder,10,3,3,-163977.097,60,50,46
260,munin2,25,1,2,-942139.404,30,125,115
261,munin1,50,3,1,-352372.203,30,250,172
262,cancer,10,2,1,-10582.736,30,5,4
263,andes,10,1,1,-507795.15,60,50,42
264,alarm,5,1,2,-57473.596,final,25,23
265,alarm,10,2,1,-67505.27,60,50,41
266,hepar2,25,3,3,-168831.804,30,125,84
267,win95pts,25,1,2,-71136.804,30,125,72
268,water,5,1,1,-69746.929,30,25,22
269,mildew,10,1,2,-281322.676,30,50,33
270,pigs,75,3,3,-1965727.379,final,375,314
271,pathfinder,10,2,2,-168124.352,60,50,47
272,hepar2,25,1,1,-167889.435,30,125,82
273,mildew,10,1,2,-281322.676,60,50,33
274,munin1,50,2,1,-380534.742,60,250,161
275,survey,5,3,3,-19714.342,30,10,9
276,andes,10,2,1,-508077.915,60,50,42
277,munin,50,1,3,-1124149.66,30,250,233
278,pathfinder,25,1,1,-189520.482,30,125,103
279,cancer,5,2,2,-10582.736,30,5,4
280,win95pts,50,1,1,-85100.794,60,250,125
281,hepar2,10,3,3,-165838.252,60,50,37
282,hailfinder,50,2,2,-300764.864,30,160,94
283,asia,5,3,3,-12837.513,60,15,12
284,pigs,75,3,1,-1969420.21,60,375,313
285,munin,25,2,2,-1095333.856,30,125,117
286,munin4,50,3,3,-1113490.66,60,250,218
287,hepar2,50,2,2,-169844.983,60,230,141
288,pigs,50,3,1,-1935243.645,60,250,228
289,alarm,5,2,3,-60193.147,60,25,23
290,munin3,50,3,3,-959988.923,30,250,221
291,hailfinder,25,3,2,-289834.072,30,125,82
292,pathfinder,10,2,3,-167874.222,60,50,47
293,pathfinder,10,1,2,-172338.56,final,50,48
294,hailfinder,25,2,2,-305577.255,60,125,75
295,hailfinder,50,1,3,-300617.339,30,160,89
296,cancer,10,2,2,-10582.736,final,5,4
297,mildew,5,1,3,-274044.533,60,25,23
298,barley,10,3,3,-335719.522,60,50,31
299,pigs,75,1,1,-1974294.238,30,375,301
300,munin,50,3,1,-1121995.368,30,250,225
301,asia,5,2,3,-11548.251,30,15,15
302,alarm,5,2,1,-60244.985,final,25,23
303,hepar2,25,2,3,-168925.121,30,125,82
304,diabetes,25,1,2,-2427838.621,30,125,108
305,asia,10,2,3,-11548.251,60,15,15
306,link,75,2,3,-1715277.131,30,375,299
307,sachs,10,2,1,-36512.303,30,40,39
308,diabetes,50,2,2,-2597812.99,final,250,192
309,munin4,75,1,2,-1133484.301,60,375,345
310,hepar2,25,2,2,-168698.284,final,125,82
311,win95pts,25,3,2,-70698.345,final,125,84
312,mildew,10,3,2,-288599.843,60,50,32
313,munin4,25,1,3,-1092822.131,30,125,111
314,asia,5,3,2,-12837.513,60,15,12
315,hepar2,50,2,1,-169845.238,final,230,143
316,asia,10,2,3,-11548.251,30,15,15
317,diabetes,25,2,1,-2476873.0,60,125,104
318,pigs,75,1,2,-1964297.476,60,375,310
319,water,5,3,2,-68806.634,final,25,24
320,asia,10,3,3,-12837.513,30,15,12
321,survey,5,3,2,-19714.342,30,10,9
322,diabetes,50,1,3,-2625871.175,60,250,193
323,andes,25,1,1,-523776.069,final,125,90
324,sachs,5,1,1,-38733.51,60,25,19
325,hailfinder,10,2,1,-267891.653,30,50,38
326,water,10,2,1,-72629.067,final,50,35
327,munin3,75,3,1,-991325.429,60,375,330
328,pathfinder,50,2,3,-247421.669,final,250,156
329,survey,10,2,2,-19714.342,30,10,9
330,pathfinder,10,2,3,-168664.242,30,50,47
331,munin2,75,3,1,-975796.804,30,375,332
332,munin4,50,2,3,-1111937.093,30,250,230
333,asia,10,2,1,-11548.251,final,15,15
334,hepar2,50,1,2,-170406.794,final,230,132
335,hepar2,25,1,3,-167889.59,60,125,82
336,asia,10,1,1,-11548.251,30,15,15
337,munin4,25,3,3,-1074849.793,30,125,118
338,andes,25,2,3,-524315.592,60,125,84
339,asia,5,2,1,-11548.251,60,15,15
340,munin2,50,1,2,-965944.393,60,250,219
341,mildew,10,3,1,-288540.903,60,50,32
342,hepar2,50,1,2,-170406.794,60,230,132
343,mildew,5,1,2,-274057.892,final,25,23
344,win95pts,50,1,3,-85100.794,60,250,125
345,munin2,50,3,3,-958605.433,final,250,230
346,munin2,25,2,3,-948740.176,30,125,119
347,hepar2,25,3,1,-168767.822,final,125,88
348,hailfinder,50,3,1,-304416.16,30,160,103
349,alarm,10,2,1,-67601.916,30,50,41
350,diabetes,50,1,1,-2622269.175,60,250,186
351,sachs,10,2,1,-36512.303,60,40,39
352,win95pts,10,2,3,-58048.414,final,50,43
353,diabetes,50,2,1,-2589654.572,60,250,194
354,munin1,25,1,2,-303289.465,60,125,94
355,munin2,75,1,2,-960013.787,30,375,331
356,diabetes,10,2,3,-2355721.158,30,50,41
357,insurance,10,2,3,-78442.708,final,50,39
358,munin1,25,3,3,-311288.197,30,125,110
359,win95pts,25,1,1,-71155.581,final,125,72
360,survey,10,2,3,-19714.342,60,10,9
361,link,50,1,3,-1696062.128,final,250,206
362,andes,10,1,2,-510280.722,final,50,42
363,hepar2,25,3,2,-168776.446,60,125,88
364,win95pts,50,3,3,-83270.172,final,250,128
365,cancer,5,2,1,-10582.736,30,5,4
366,mildew,10,3,2,-288599.843,30,50,32
367,link,75,1,1,-1730855.078,30,375,294
368,munin4,25,2,2,-1077548.363,30,125,114
369,hailfinder,50,2,3,-300741.798,60,160,94
370,child,5,3,3,-62079.631,30,25,25
371,alarm,10,3,2,-68588.114,30,50,36
372,cancer,10,2,1,-10582.736,final,5,4
373,mildew,5,1,1,-274044.533,30,25,23
374,diabetes,25,2,3,-2477834.703,final,125,104
375,munin,25,3,3,-1090952.953,30,125,118
376,pigs,25,3,1,-1915557.555,60,125,122
377,munin2,25,3,2,-940789.018,30,125,115
378,munin3,75,3,2,-994968.985,final,375,330
379,link,75,1,2,-1734882.269,30,375,295
380,munin2,50,1,3,-970962.509,30,250,216
381,barley,5,3,1,-315631.143,final,25,21
382,munin,25,3,3,-1090952.953,60,125,118
383,andes,50,2,1,-544144.891,60,250,147
384,pathfinder,10,1,1,-171840.78,final,50,48
385,win95pts,50,2,1,-81303.605,60,250,132
386,andes,25,1,1,-523776.069,60,125,90
387,survey,10,3,1,-19714.342,60,10,9
388,hepar2,50,1,1,-170406.794,60,230,132
389,alarm,5,2,3,-60193.147,30,25,23
390,win95pts,25,3,2,-70698.345,60,125,84
391,andes,50,3,3,-540298.115,60,250,150
392,link,50,3,3,-1691844.996,30,250,205
393,munin4,25,1,1,-1092408.879,30,125,112
394,munin3,75,3,2,-994968.985,60,375,330
395,asia,5,1,2,-11548.251,30,15,15
396,water,10,2,3,-72629.067,30,50,35
397,mildew,5,2,3,-274372.436,30,25,23
398,hailfinder,25,3,2,-289834.072,60,125,82
399,insurance,10,2,2,-79545.125,60,50,41
400,munin3,25,2,3,-940932.72,30,125,116
401,alarm,5,1,3,-57613.985,60,25,23
402,hailfinder,25,1,1,-282292.346,final,125,87
403,munin1,10,1,2,-262183.481,60,50,46
404,munin1,25,2,3,-313265.827,60,125,95
405,barley,10,1,2,-334681.786,60,50,33
406,munin2,25,3,2,-940518.859,60,125,116
407,hepar2,10,2,3,-165224.719,30,50,46
408,barley,10,2,1,-333102.614,final,50,36
409,pathfinder,50,3,3,-251203.253,60,250,149
410,pathfinder,50,3,2,-249914.951,final,250,148
411,hepar2,50,1,3,-170406.794,final,230,132
412,hailfinder,10,1,2,-278134.651,60,50,39
413,survey,10,3,2,-19714.342,60,10,9
414,alarm,5,1,2,-57473.596,60,25,23
415,pathfinder,50,3,3,-251203.253,30,250,149
416,hepar2,50,2,2,-169844.983,final,230,141
417,link,25,1,3,-1673438.046,final,125,112
418,diabetes,25,2,1,-2476873.0,30,125,104
419,munin2,75,1,1,-961206.875,final,375,332
420,survey,10,3,3,-19714.342,60,10,9
421,alarm,5,3,3,-57302.384,60,25,23
422,water,10,3,3,-71692.372,30,50,30
423,barley,5,1,2,-324062.949,final,25,25
424,pathfinder,50,2,2,-247436.209,60,250,156
425,sachs,10,1,1,-38452.851,30,40,32
426,link,75,3,2,-1723551.738,30,375,287
427,munin,75,2,1,-1166386.861,30,375,308
428,asia,10,3,3,-12837.513,60,15,12
429,mildew,10,3,3,-288651.311,final,50,32
430,munin1,50,3,1,-352372.203,60,250,172
431,hepar2,25,3,1,-168767.822,60,125,88
432,munin3,50,1,2,-961053.712,30,250,222
433,andes,10,3,3,-509332.995,60,50,42
434,mildew,5,3,3,-275471.744,final,25,18
435,link,25,3,2,-1671929.884,30,125,107
436,hailfinder,25,1,3,-282324.654,60,125,87
437,water,5,3,1,-68970.569,60,25,24
438,mildew,5,1,2,-274057.892,30,25,23
439,hepar2,50,3,2,-171095.96,final,230,121
440,link,25,1,2,-1683443.606,30,125,111
441,survey,10,3,3,-19714.342,30,10,9
442,water,10,3,1,-71692.372,60,50,30
443,pigs,25,3,3,-1924346.812,60,125,122
444,pigs,50,3,3,-1933313.825,60,250,229
445,munin4,25,2,3,-1076174.288,30,125,117
446,munin4,75,2,2,-1146900.672,30,375,324
447,insurance,5,2,3,-76084.858,final,25,24
448,asia,5,1,1,-11548.251,final,15,15
449,pigs,25,3,3,-1924346.812,30,125,122
450,munin2,75,3,2,-975433.042,final,375,332
451,pigs,25,2,1,-1916181.5,30,125,123
452,pigs,75,2,3,-1973081.79,60,375,308
453,munin2,50,2,2,-959512.403,30,250,223
454,link,75,2,2,-1707403.051,final,375,305
455,asia,10,3,1,-12837.513,final,15,12
456,pigs,25,2,3,-1915703.104,30,125,123
457,munin1,10,3,1,-267130.545,60,50,46
458,pathfinder,50,1,1,-259008.443,final,250,144
459,andes,25,2,3,-524315.592,30,125,84
460,hepar2,10,1,1,-166595.259,60,50,40
461,win95pts,50,2,3,-81303.605,30,250,132
462,pathfinder,25,1,2,-188114.101,60,125,103
463,munin1,25,2,2,-315678.106,60,125,94
464,hepar2,10,3,3,-165838.252,final,50,37
465,munin3,75,1,1,-986470.655,30,375,320
466,hailfinder,25,1,3,-282324.654,final,125,87
467,munin1,10,2,3,-276593.706,final,50,49
468,pigs,50,1,3,-1940362.063,final,250,221
469,munin,50,2,1,-1126133.119,final,250,227
470,mildew,10,3,1,-288540.903,final,50,32
471,andes,10,3,2,-508704.546,60,50,43
472,pathfinder,25,3,3,-197571.507,60,125,98
473,munin1,50,2,1,-383725.764,30,250,158
474,andes,10,1,1,-507795.15,30,50,42
475,pigs,25,2,1,-1916181.5,final,125,123
476,mildew,5,1,1,-274044.533,final,25,23
477,andes,10,2,1,-508077.915,30,50,42
478,sachs,10,2,3,-36512.303,30,40,39
479,water,10,1,3,-74556.843,60,50,29
480,barley,10,3,1,-335919.052,final,50,31
481,munin2,75,3,3,-975607.148,30,375,333
482,munin1,25,3,1,-309189.102,final,125,110
483,munin2,75,3,2,-975433.042,60,375,332
484,barley,10,1,2,-334681.786,final,50,33
485,water,10,3,2,-71692.372,30,50,30
486,munin4,75,2,3,-1149437.927,final,375,329
487,pigs,25,2,2,-1920071.645,30,125,123
488,alarm,10,2,3,-67369.791,final,50,41
489,survey,5,2,2,-19714.342,60,10,9
490,survey,5,2,1,-19714.342,final,10,9
491,munin,75,3,3,-1146426.863,30,375,314
492,link,50,3,2,-1700822.734,60,250,202
493,barley,10,3,2,-335719.194,60,50,31
494,munin1,10,3,1,-269448.43,30,50,46
495,mildew,5,3,2,-275471.744,30,25,18
496,hepar2,50,2,3,-169844.983,30,230,141
497,asia,5,1,3,-11548.251,30,15,15
498,child,5,1,3,-62300.781,final,25,25
499,munin1,10,3,3,-267354.728,60,50,46
500,asia,5,2,1,-11548.251,30,15,15
501,pigs,50,1,3,-1940362.063,30,250,221
502,link,50,2,3,-1691537.864,60,250,205
503,munin3,75,2,3,-987417.61,30,375,318
504,munin4,75,2,2,-1146900.672,final,375,324
505,andes,25,3,3,-524918.526,30,125,95
506,diabetes,25,1,1,-2445467.799,30,125,107
507,pathfinder,50,1,3,-257888.447,30,250,143
508,andes,50,1,1,-544500.769,60,250,158
509,survey,5,3,1,-19714.342,30,10,9
510,win95pts,25,2,1,-76252.161,final,125,78
511,link,50,1,2,-1701711.801,final,250,206
512,andes,10,3,1,-512366.328,60,50,42
513,pigs,25,3,1,-1915557.555,30,125,122
514,munin2,50,2,3,-960101.573,30,250,222
515,win95pts,50,2,2,-81303.605,30,250,132
516,asia,5,3,1,-12837.513,60,15,12
517,sachs,10,1,1,-38452.851,60,40,32
518,win95pts,25,2,1,-76252.161,30,125,78
519,link,25,3,3,-1672425.079,30,125,107
520,link,75,2,1,-1715248.122,30,375,304
521,hailfinder,50,2,3,-300741.798,final,160,94
522,link,25,2,2,-1678894.402,final,125,105
523,pigs,50,2,2,-1938775.827,30,250,224
524,alarm,10,3,3,-66851.042,final,50,40
525,alarm,10,1,3,-68106.525,final,50,41
526,pathfinder,25,2,3,-187559.825,60,125,106
527,water,10,1,3,-74556.843,final,50,29
528,munin2,75,3,1,-975796.804,60,375,332
529,hepar2,25,2,2,-168698.284,30,125,82
530,win95pts,25,1,3,-71143.762,30,125,72
531,sachs,5,1,3,-38733.51,30,25,19
532,diabetes,10,3,3,-2349864.302,60,50,48
533,win95pts,50,1,3,-85100.794,30,250,125
534,pathfinder,50,1,3,-257888.447,60,250,143
535,water,5,1,3,-69746.929,30,25,22
536,mildew,5,3,1,-275471.744,60,25,18
537,link,25,3,2,-1671929.884,final,125,107
538,alarm,5,1,1,-57836.934,final,25,23
539,hailfinder,50,2,2,-300764.864,60,160,94
540,diabetes,25,1,3,-2435754.929,60,125,102
541,diabetes,10,3,1,-2356530.164,30,50,46
542,hailfinder,10,3,3,-276087.128,60,50,40
543,link,50,2,3,-1691537.864,final,250,205
544,pigs,25,3,2,-1921390.929,60,125,122
545,andes,10,2,2,-510017.454,final,50,42
546,cancer,5,2,2,-10582.736,final,5,4
547,pathfinder,25,3,1,-197215.102,30,125,98
548,win95pts,10,1,2,-53849.102,final,50,47
549,hepar2,50,3,3,-171083.448,30,230,122
550,cancer,10,2,1,-10582.736,60,5,4
551,sachs,10,2,3,-36512.303,60,40,39
552,pigs,25,2,2,-1919611.165,60,125,123
553,hepar2,10,3,3,-165838.252,30,50,37
554,hailfinder,50,1,2,-300617.171,30,160,89
555,child,5,1,2,-62270.212,30,25,25
556,win95pts,50,2,2,-81303.605,final,250,132
557,munin1,25,3,2,-310462.577,final,125,110
558,hepar2,10,3,2,-165838.558,60,50,37
559,hailfinder,25,1,2,-282302.511,final,125,87
560,munin2,50,3,1,-958623.847,final,250,231
561,water,5,1,1,-69746.929,60,25,22
562,munin3,25,3,2,-949916.461,30,125,110
563,munin4,50,3,3,-1113490.66,final,250,218
564,link,25,2,1,-1688623.864,30,125,106
565,alarm,5,2,1,-60244.985,60,25,23
566,pathfinder,10,1,3,-172456.009,60,50,48
567,hailfinder,10,1,3,-277636.393,30,50,39
568,diabetes,10,1,3,-2334502.842,final,50,45
569,diabetes,50,3,2,-2651616.691,60,250,188
570,mildew,5,3,1,-275471.744,30,25,18
571,hepar2,25,1,3,-167889.59,final,125,82
572,win95pts,25,3,3,-70815.853,final,125,85
573,child,5,1,3,-62760.44,30,25,25
574,win95pts,10,1,1,-54358.517,final,50,47
575,link,75,1,1,-1730855.078,final,375,294
576,insurance,10,2,1,-79313.909,30,50,40
577,hailfinder,50,3,2,-304923.346,30,160,102
578,pathfinder,10,1,2,-172338.56,60,50,48
579,insurance,10,2,2,-79545.125,final,50,41
580,munin2,50,3,2,-958924.013,30,250,225
581,alarm,10,1,2,-68057.132,60,50,41
582,pathfinder,10,1,2,-172595.798,30,50,48
583,alarm,10,3,1,-67155.624,final,50,40
584,mildew,10,3,2,-288599.843,final,50,32
585,alarm,5,3,3,-57302.384,final,25,23
586,munin1,25,3,2,-310462.577,30,125,110
587,link,50,2,1,-1674152.02,final,250,212
588,water,5,1,1,-69746.929,final,25,22
589,pigs,75,3,1,-1969420.21,30,375,313
590,hailfinder,25,3,3,-289325.731,final,125,82
591,asia,10,2,1,-11548.251,30,15,15
592,win95pts,50,2,1,-81303.605,final,250,132
593,munin3,25,3,3,-946027.999,60,125,110
594,pathfinder,50,1,1,-259008.443,30,250,144
595,insurance,10,2,1,-79313.909,final,50,40
596,munin1,50,2,3,-373305.333,final,250,157
597,water,10,1,2,-74556.843,final,50,29
598,pathfinder,10,2,2,-168205.863,30,50,47
599,water,10,2,1,-72629.067,60,50,35
600,munin1,25,1,3,-303954.984,final,125,95
601,water,10,3,1,-71692.372,30,50,30
602,munin4,50,1,3,-1109374.514,30,250,232
603,munin1,50,3,2,-356399.938,30,250,169
604,munin1,50,1,3,-373365.512,final,250,162
605,pigs,75,2,1,-1969266.661,30,375,315
606,munin1,10,2,3,-276593.706,30,50,49
607,win95pts,10,1,1,-54358.517,60,50,47
608,win95pts,10,2,2,-57881.094,60,50,43
609,win95pts,50,2,1,-81303.605,30,250,132
610,hailfinder,10,1,2,-278134.651,30,50,39
611,munin1,10,3,1,-267130.545,final,50,46
612,munin,25,1,3,-1098843.528,30,125,117
613,diabetes,50,1,2,-2631543.244,60,250,192
614,alarm,10,2,2,-67362.709,60,50,41
615,survey,5,3,1,-19714.342,final,10,9
616,diabetes,10,1,3,-2334502.842,30,50,45
617,pathfinder,50,2,1,-249425.747,60,250,154
618,munin4,75,1,2,-1133484.301,30,375,345
619,munin,25,2,1,-1101906.807,30,125,118
620,hepar2,10,3,2,-165838.558,final,50,37
621,barley,10,1,1,-334167.657,30,50,33
622,pigs,50,2,3,-1936156.286,60,250,221
623,link,25,2,1,-1688623.864,60,125,106
624,munin2,50,3,1,-958623.847,30,250,231
625,andes,50,3,1,-539043.774,final,250,151
626,munin1,10,2,2,-273865.463,60,50,50
627,win95pts,25,1,1,-71179.283,30,125,72
628,munin1,10,2,3,-276593.706,60,50,49
629,barley,10,3,2,-335719.194,final,50,31
630,water,10,1,1,-74556.843,30,50,29
631,barley,5,1,2,-324062.949,60,25,25
632,diabetes,50,3,1,-2632445.87,30,250,189
633,alarm,10,1,1,-66943.431,30,50,41
634,andes,50,2,2,-545803.465,30,250,148
635,win95pts,50,1,2,-85100.794,60,250,124
636,win95pts,25,2,2,-76122.957,30,125,78
637,diabetes,10,2,2,-2380777.156,30,50,41
638,diabetes,25,2,3,-2477834.703,60,125,104
639,cancer,5,2,3,-10582.736,60,5,4
640,hepar2,50,3,3,-171083.448,60,230,122
641,cancer,10,2,2,-10582.736,30,5,4
642,munin4,75,1,3,-1129006.699,30,375,344
643,pathfinder,50,1,2,-258424.979,30,250,143
644,munin3,75,2,2,-983741.779,final,375,317
645,diabetes,50,1,1,-2622269.175,30,250,186
646,pigs,75,1,3,-1969934.784,final,375,305
647,win95pts,25,1,3,-71143.762,final,125,72
648,barley,10,3,1,-335919.052,30,50,31
649,munin2,50,3,3,-958605.433,30,250,230
650,win95pts,25,2,3,-76320.244,30,125,78
651,andes,10,2,3,-513336.607,60,50,41
652,alarm,10,2,2,-67505.27,30,50,41
653,link,25,3,1,-1671527.425,60,125,107
654,pigs,25,1,1,-1904156.525,60,125,125
655,munin4,25,3,1,-1072012.735,30,125,120
656,barley,10,2,1,-333183.118,30,50,36
657,munin3,75,1,3,-984704.033,30,375,319
658,diabetes,50,3,3,-2663317.179,30,250,190
659,diabetes,25,2,2,-2457854.823,final,125,105
660,asia,5,1,2,-11548.251,60,15,15
661,link,25,1,1,-1682729.449,30,125,104
662,munin1,50,3,2,-346781.92,final,250,171
663,barley,10,1,2,-334809.504,30,50,33
664,munin1,50,1,3,-373365.512,60,250,162
665,alarm,5,3,2,-57218.048,60,25,23
666,diabetes,10,3,2,-2335859.406,60,50,46
667,diabetes,50,1,3,-2625871.175,30,250,193
668,diabetes,50,2,3,-2586477.04,60,250,192
669,link,50,1,1,-1697645.909,30,250,208
670,hailfinder,25,3,2,-289834.072,final,125,82
671,diabetes,50,2,3,-2586477.04,final,250,192
672,munin1,50,3,3,-354261.409,60,250,171
673,link,50,2,2,-1689287.362,30,250,213
674,hepar2,10,2,3,-165224.719,60,50,46
675,munin,50,2,1,-1129509.628,30,250,227
676,insurance,10,2,2,-79545.125,30,50,41
677,hailfinder,50,1,3,-300617.339,final,160,89
678,water,10,2,3,-72629.067,final,50,35
679,pigs,75,3,2,-1974019.548,final,375,302
680,hepar2,25,2,3,-168922.278,final,125,82
681,munin3,50,1,1,-964577.771,30,250,218
682,diabetes,50,3,3,-2663317.179,final,250,190
683,survey,10,2,3,-19714.342,30,10,9
684,hailfinder,10,2,3,-268038.217,final,50,38
685,munin1,50,1,1,-369051.561,final,250,162
686,andes,50,1,3,-544154.551,60,250,162
687,andes,25,1,2,-526509.609,30,125,89
688,andes,50,2,1,-544144.891,final,250,147
689,asia,5,2,3,-11548.251,final,15,15
690,pigs,25,1,2,-1900335.226,60,125,125
691,diabetes,10,3,3,-2349864.302,30,50,48
692,andes,50,1,2,-540810.992,60,250,164
693,water,5,3,1,-68970.569,30,25,24
694,water,10,2,1,-72629.067,30,50,35
695,mildew,10,1,3,-281322.676,60,50,33
696,link,25,2,2,-1678894.402,30,125,105
697,asia,10,1,1,-11548.251,final,15,15
698,munin2,50,2,2,-959512.403,60,250,223
699,munin,50,3,2,-1120468.729,60,250,223
700,andes,10,3,1,-512366.328,final,50,42
701,munin1,50,1,1,-369051.561,60,250,162
702,pigs,25,1,1,-1904156.525,final,125,125
703,sachs,10,1,3,-38452.851,30,40,32
704,hepar2,25,2,3,-168922.278,60,125,82
705,cancer,10,2,3,-10582.736,60,5,4
706,andes,25,2,1,-523878.835,60,125,88
707,hepar2,10,1,3,-166660.558,final,50,40
708,pathfinder,25,1,2,-188114.101,final,125,103
709,munin,25,1,2,-1100181.649,60,125,117
710,diabetes,50,3,2,-2651616.691,final,250,188
711,water,10,1,2,-74556.843,60,50,29
712,hepar2,25,1,1,-167889.435,60,125,82
713,hepar2,50,3,2,-171095.96,30,230,121
714,child,5,3,2,-62079.631,final,25,25
715,barley,5,3,2,-314605.608,final,25,21
716,munin4,50,1,1,-1105359.854,final,250,232
717,alarm,5,1,1,-57836.934,30,25,23
718,link,50,3,3,-1691844.996,final,250,205
719,andes,10,1,2,-510280.722,30,50,42
720,survey,10,3,1,-19714.342,30,10,9
721,survey,5,2,3,-19714.342,30,10,9
722,barley,5,3,1,-315631.143,60,25,21
723,water,10,3,1,-71692.372,final,50,30
724,link,25,3,1,-1671527.425,final,125,107
725,diabetes,10,3,1,-2356530.164,60,50,46
726,link,75,2,1,-1715248.122,60,375,304
727,win95pts,50,2,3,-81303.605,final,250,132
728,hailfinder,25,3,1,-288125.328,60,125,80
729,survey,10,2,2,-19714.342,final,10,9
730,asia,10,3,1,-12837.513,30,15,12
731,link,50,3,1,-1699016.013,final,250,203
732,mildew,5,3,3,-275471.744,60,25,18
733,pigs,50,3,2,-1940216.879,final,250,223
734,munin4,75,2,3,-1149437.927,60,375,329
735,hailfinder,50,1,2,-300617.171,final,160,89
736,barley,10,1,3,-333668.175,60,50,33
737,sachs,10,1,2,-38452.851,30,40,32
738,alarm,10,1,1,-66943.431,60,50,41
739,hepar2,25,3,3,-168777.234,final,125,88
740,munin4,75,2,1,-1150323.457,60,375,326
741,pathfinder,10,3,1,-163764.14,30,50,46
742,hepar2,50,2,3,-169844.983,final,230,141
743,hailfinder,50,3,3,-304623.714,60,160,104
744,munin1,25,2,1,-315187.456,60,125,94
745,water,10,2,2,-72629.067,60,50,35
746,barley,10,1,3,-333668.175,final,50,33
747,andes,50,3,1,-540133.223,30,250,146
748,hailfinder,10,2,1,-267658.275,60,50,38
749,pathfinder,25,1,1,-188722.579,60,125,103
750,diabetes,10,1,1,-2330390.863,final,50,44
751,alarm,5,3,2,-57292.165,30,25,23
752,hailfinder,50,2,1,-301056.633,30,160,95
753,munin1,25,2,1,-315187.456,final,125,94
754,survey,5,3,3,-19714.342,final,10,9
755,munin,25,1,2,-1100181.649,final,125,117
756,munin3,50,2,2,-962126.601,60,250,234
757,asia,10,1,2,-11548.251,60,15,15
758,sachs,5,1,3,-38733.51,60,25,19
759,alarm,5,2,2,-60530.775,final,25,23
760,asia,10,2,2,-11548.251,60,15,15
761,sachs,10,2,2,-36512.303,60,40,39
762,munin,25,3,3,-1090952.953,final,125,118
763,pigs,50,2,1,-1938247.0,30,250,224
764,asia,10,2,1,-11548.251,60,15,15
765,pigs,75,1,1,-1974294.238,60,375,301
766,andes,25,3,1,-524705.11,30,125,95
767,child,5,3,2,-62079.631,60,25,25
768,win95pts,25,2,3,-76320.244,final,125,78
769,alarm,10,1,2,-68057.132,30,50,41
770,win95pts,50,1,2,-85100.794,30,250,124
771,munin3,50,3,2,-959018.942,60,250,220
772,water,10,3,2,-71692.372,60,50,30
773,alarm,10,1,1,-66943.431,final,50,41
774,hepar2,25,2,1,-168760.209,60,125,82
775,water,10,3,3,-71692.372,60,50,30
776,insurance,5,2,1,-76143.92,30,25,24
777,diabetes,50,2,3,-2586477.04,30,250,192
778,alarm,10,3,3,-69070.06,30,50,37
779,pigs,25,1,3,-1913778.375,30,125,125
780,asia,10,1,2,-11548.251,30,15,15
781,mildew,5,2,3,-274372.436,final,25,23
782,hailfinder,25,2,1,-307438.962,final,125,74
783,andes,50,1,2,-544465.182,30,250,160
784,alarm,10,1,3,-68106.525,30,50,41
785,asia,10,1,3,-11548.251,30,15,15
786,barley,10,1,1,-334055.342,final,50,33
787,andes,25,1,3,-524847.921,final,125,88
788,diabetes,10,2,3,-2355721.158,60,50,41
789,win95pts,10,3,3,-59556.395,60,50,39
790,link,50,3,3,-1691844.996,60,250,205
791,hailfinder,10,1,2,-278134.651,final,50,39
792,link,25,2,3,-1692293.936,30,125,106
793,barley,5,1,3,-324587.738,30,25,25
794,munin2,25,3,3,-936539.193,30,125,116
795,munin1,25,1,1,-302689.141,final,125,95
796,hepar2,25,2,1,-168760.209,final,125,82
797,andes,25,1,2,-526454.466,final,125,91
798,barley,5,3,3,-314364.648,60,25,21
799,win95pts,10,3,2,-59349.331,30,50,39
800,win95pts,10,3,3,-59556.395,30,50,39
801,munin1,10,1,1,-261338.035,30,50,46
802,munin1,10,3,3,-267354.728,final,50,46
803,hailfinder,50,3,1,-304416.16,60,160,103
804,child,5,3,1,-62079.631,final,25,25
805,link,50,3,1,-1699016.013,30,250,203
806,pathfinder,10,2,1,-167723.347,final,50,47
807,pathfinder,10,3,2,-164174.559,60,50,46
808,munin1,50,3,2,-346781.92,60,250,171
809,pathfinder,25,3,2,-198511.878,final,125,98
810,link,25,1,2,-1683443.606,60,125,111
811,pathfinder,25,3,2,-198511.878,30,125,98
812,diabetes,10,2,1,-2343794.389,final,50,41
813,munin,25,1,1,-1097085.431,30,125,117
814,link,25,1,1,-1682729.449,60,125,104
815,munin3,50,2,3,-967229.071,30,250,233
816,sachs,5,1,1,-38733.51,30,25,19
817,munin1,10,1,2,-264000.859,30,50,46
818,asia,5,2,2,-11548.251,60,15,15
819,munin,75,2,1,-1162506.818,60,375,321
820,pigs,25,3,1,-1915557.555,final,125,122
821,diabetes,50,3,1,-2632445.87,60,250,189
822,link,75,1,1,-1730855.078,60,375,294
823,pigs,75,3,2,-1974019.548,60,375,302
824,munin3,75,2,2,-983741.779,60,375,317
825,diabetes,25,3,1,-2498730.189,30,125,109
826,hailfinder,25,1,1,-282292.346,60,125,87
827,link,75,2,2,-1707403.051,30,375,305
828,munin1,10,2,2,-273865.463,final,50,50
829,hailfinder,50,2,2,-300764.864,final,160,94
830,link,50,1,3,-1701784.014,30,250,205
831,asia,10,2,2,-11548.251,30,15,15
832,asia,10,3,3,-12837.513,final,15,12
833,water,5,1,2,-69746.929,final,25,22
834,survey,10,2,1,-19714.342,60,10,9
835,andes,10,1,3,-508051.885,final,50,42
836,munin4,50,2,1,-1123825.12,30,250,230
837,andes,50,3,2,-540202.014,30,250,149
838,cancer,10,2,2,-10582.736,60,5,4
839,survey,10,2,2,-19714.342,60,10,9
840,mildew,10,1,1,-281322.676,30,50,33
841,munin,50,1,1,-1123519.76,final,250,232
842,survey,5,3,1,-19714.342,60,10,9
843,munin1,10,1,1,-261338.035,60,50,46
844,munin,50,2,1,-1126133.119,60,250,227
845,munin2,75,2,1,-978345.743,30,375,332
846,barley,5,1,1,-324373.309,final,25,25
847,link,25,2,3,-1692293.936,60,125,106
848,munin4,75,2,2,-1146900.672,60,375,324
849,pigs,75,2,2,-1966497.393,60,375,321
850,munin2,75,2,2,-975477.893,30,375,332
851,munin,50,3,3,-1118208.429,30,250,222
852,barley,10,3,1,-335919.052,60,50,31
853,munin,75,3,2,-1149328.643,30,375,312
854,hepar2,10,1,1,-166595.259,final,50,40
855,barley,5,1,1,-324373.309,60,25,25
856,alarm,10,3,3,-66851.042,60,50,40
857,pathfinder,10,2,1,-168396.712,30,50,47
858,alarm,5,3,1,-57244.342,30,25,23
859,pathfinder,50,3,1,-252962.048,60,250,155
860,diabetes,10,2,1,-2343794.389,30,50,41
861,hepar2,10,1,2,-166605.125,final,50,40
862,munin3,50,3,2,-959018.942,30,250,220
863,munin3,75,3,1,-991325.429,30,375,330
864,munin4,50,2,3,-1111937.093,60,250,230
865,diabetes,25,1,1,-2445467.799,60,125,107
866,hepar2,50,3,2,-171095.96,60,230,121
867,water,10,2,3,-72629.067,60,50,35
868,hailfinder,25,2,3,-307438.962,30,125,74
869,munin1,25,3,3,-308706.138,final,125,110
870,alarm,10,3,1,-67155.624,60,50,40
871,asia,5,1,3,-11548.251,60,15,15
872,win95pts,50,1,1,-85100.794,final,250,125
873,pigs,75,2,2,-1975753.091,30,375,311
874,water,10,1,1,-74556.843,final,50,29
875,pathfinder,50,1,3,-257888.447,final,250,143
876,link,75,2,2,-1707403.051,60,375,305
877,diabetes,25,3,1,-2498730.189,60,125,109
878,hepar2,10,1,3,-166660.558,60,50,40
879,pathfinder,10,3,1,-163764.14,final,50,46
880,asia,10,1,1,-11548.251,60,15,15
881,munin2,25,2,1,-946274.886,30,125,118
882,link,50,3,2,-1700822.734,30,250,202
883,hailfinder,25,2,2,-307438.962,30,125,74
884,barley,10,3,3,-335765.181,30,50,31
885,pathfinder,25,2,2,-187790.853,30,125,106
886,munin,75,1,1,-1165353.597,30,375,318
887,pigs,50,3,2,-1940216.879,60,250,223
888,water,5,1,2,-69746.929,60,25,22
889,munin1,10,1,1,-261338.035,final,50,46
890,andes,10,1,3,-508051.885,60,50,42
891,survey,5,2,2,-19714.342,final,10,9
892,munin,75,2,2,-1163327.442,30,375,319
893,link,25,2,3,-1692293.936,final,125,106
894,munin4,50,1,2,-1108086.699,30,250,234
895,alarm,5,1,2,-57473.596,30,25,23
896,link,25,3,3,-1672425.079,final,125,107
897,munin4,75,1,2,-1133484.301,final,375,345
898,pigs,50,1,2,-1943788.762,60,250,218
899,asia,10,3,2,-12837.513,30,15,12
900,survey,5,2,1,-19714.342,60,10,9
901,munin1,50,1,2,-373040.518,30,250,157
902,win95pts,25,3,1,-70715.32,60,125,84
903,munin1,10,1,3,-264034.041,final,50,46
904,pigs,50,1,3,-1940362.063,60,250,221
905,munin4,50,1,3,-1109374.514,final,250,232
906,munin2,50,1,2,-965944.393,final,250,219
907,link,75,2,3,-1715277.131,60,375,299
908,insurance,10,2,1,-79313.909,60,50,40
909,pigs,25,2,3,-1913809.997,60,125,123
910,child,5,1,3,-62300.781,60,25,25
911,win95pts,10,1,3,-54147.133,final,50,47
912,munin1,50,2,3,-373305.333,60,250,157
913,hepar2,50,1,3,-170406.794,60,230,132
914,link,25,3,3,-1672425.079,60,125,107
915,munin1,25,2,3,-316509.301,30,125,94
916,munin1,10,3,2,-266975.896,final,50,46
917,munin3,25,1,1,-947954.804,30,125,116
918,munin4,50,1,1,-1105359.854,60,250,232
919,cancer,5,2,1,-10582.736,final,5,4
920,andes,50,3,2,-540202.014,60,250,149
921,hailfinder,10,1,1,-277791.546,30,50,39
922,munin1,25,1,3,-304487.916,30,125,95
923,munin4,50,3,3,-1113490.66,30,250,218
924,asia,5,1,3,-11548.251,final,15,15
925,child,5,3,1,-62110.2,30,25,25
926,pigs,50,1,2,-1943788.762,final,250,218
927,pigs,50,1,1,-1939594.868,final,250,223
928,survey,5,3,2,-19714.342,final,10,9
929,munin4,50,2,3,-1111937.093,final,250,230
930,pathfinder,25,2,2,-187790.853,final,125,106
931,barley,5,1,2,-324499.194,30,25,25
932,survey,5,2,1,-19714.342,30,10,9
933,pathfinder,50,3,1,-252965.366,30,250,155
934,link,75,3,2,-1723551.738,final,375,287
935,hepar2,50,3,1,-171080.276,final,230,122
936,munin2,75,1,3,-964326.172,30,375,331
937,diabetes,50,2,1,-2599594.835,30,250,190
938,win95pts,25,3,3,-70815.853,30,125,85
939,munin,25,2,2,-1095333.856,60,125,117
940,munin,75,3,1,-1148353.743,30,375,307
941,alarm,5,1,3,-57613.985,30,25,23
942,asia,5,2,2,-11548.251,final,15,15
943,hailfinder,10,1,1,-277791.546,final,50,39
944,insurance,5,2,2,-76229.885,30,25,24
945,andes,50,2,3,-542000.469,final,250,147
946,win95pts,10,1,3,-54147.133,60,50,47
947,munin1,25,1,2,-303289.465,30,125,94
948,diabetes,50,1,1,-2622269.175,final,250,186
949,pathfinder,10,3,2,-164174.559,30,50,46
950,sachs,5,1,2,-38733.51,final,25,19
951,munin2,75,3,2,-975433.042,30,375,332
952,asia,5,3,2,-12837.513,final,15,12
953,munin1,50,1,2,-371796.353,final,250,159
954,link,25,1,3,-1673438.046,30,125,112
955,mildew,5,3,2,-275471.744,final,25,18
956,asia,10,2,2,-11548.251,final,15,15
957,diabetes,50,2,2,-2597812.99,60,250,192
958,andes,50,3,2,-540202.014,final,250,149
959,water,10,1,1,-74556.843,60,50,29
960,barley,5,1,1,-324906.824,30,25,25
961,pigs,50,2,1,-1938247.0,final,250,224
962,asia,5,2,2,-11548.251,30,15,15
963,munin,25,2,3,-1091790.352,30,125,117
964,andes,25,1,2,-526454.466,60,125,91
965,pathfinder,25,2,1,-187536.382,final,125,106
966,sachs,10,1,2,-38452.851,final,40,32
967,child,5,3,3,-62079.631,60,25,25
968,cancer,10,2,3,-10582.736,final,5,4
969,munin1,25,1,3,-303954.984,60,125,95
970,win95pts,25,3,3,-70815.853,60,125,85
971,pigs,50,3,3,-1933313.825,30,250,229
972,link,75,3,1,-1725773.743,60,375,292
973,hailfinder,10,3,1,-273917.69,30,50,40
974,hailfinder,50,2,1,-301056.633,60,160,95
975,pigs,50,2,2,-1928533.312,final,250,224
976,sachs,10,1,1,-38452.851,final,40,32
977,diabetes,25,3,3,-2471956.619,30,125,110
978,child,5,3,2,-62079.631,30,25,25
979,pigs,25,2,3,-1913809.997,final,125,123
980,andes,50,1,3,-546954.489,30,250,160
981,munin3,25,2,2,-941901.596,30,125,117
982,win95pts,25,2,2,-76122.957,60,125,78
983,andes,25,2,3,-524315.592,final,125,84
984,pigs,75,3,3,-1971306.4,30,375,308
985,survey,10,3,2,-19714.342,final,10,9
986,munin1,50,3,3,-354261.409,30,250,171
987,pigs,25,1,1,-1904156.525,30,125,125
988,barley,5,2,2,-316342.886,final,25,23
989,survey,5,3,2,-19714.342,60,10,9
990,andes,10,3,3,-509332.995,30,50,42
991,andes,25,2,1,-525176.337,30,125,87
992,pathfinder,25,3,3,-197571.507,30,125,98
993,alarm,5,2,2,-60530.775,60,25,23
994,diabetes,25,2,2,-2457854.823,60,125,105
995,pigs,25,3,3,-1924346.812,final,125,122
996,hepar2,25,3,2,-168776.446,final,125,88
997,munin1,10,1,2,-262183.481,final,50,46
998,hailfinder,50,3,1,-304416.16,final,160,103
999,hailfinder,10,2,2,-268223.066,final,50,38
1000,diabetes,50,2,1,-2589654.572,final,250,194
1001,munin3,25,3,3,-946027.999,final,125,110
1002,mildew,5,3,3,-275471.744,30,25,18
1003,win95pts,10,1,1,-54358.517,30,50,47
1004,hepar2,10,2,2,-165756.71,30,50,39
1005,pathfinder,25,1,2,-189882.097,30,125,103
1006,munin1,25,1,1,-303538.203,30,125,94
1007,hailfinder,50,1,1,-300617.339,30,160,89
1008,barley,10,2,2,-332767.035,30,50,36
1009,win95pts,50,1,2,-85100.794,final,250,124
1010,munin3,50,2,3,-967229.071,60,250,233
1011,munin1,10,3,2,-266975.896,30,50,46
1012,survey,10,2,3,-19714.342,final,10,9
1013,andes,25,3,1,-524705.11,final,125,95
1014,alarm,10,2,3,-67369.791,60,50,41
1015,pigs,50,3,2,-1940216.879,30,250,223
1016,munin1,25,3,1,-309189.102,30,125,110
1017,munin,50,1,1,-1123519.76,60,250,232
1018,win95pts,25,1,3,-71143.762,60,125,72
1019,hailfinder,10,2,2,-268223.066,30,50,38
1020,diabetes,50,3,1,-2632445.87,final,250,189
1021,alarm,5,1,3,-57613.985,final,25,23
1022,cancer,5,2,3,-10582.736,final,5,4
1023,pathfinder,50,2,2,-247436.209,final,250,156
1024,hepar2,25,3,2,-168776.446,30,125,88
1025,munin3,25,3,2,-948953.782,final,125,110
1026,munin3,75,3,1,-991325.429,final,375,330
1027,insurance,5,2,3,-76099.56,30,25,24
1028,andes,25,3,3,-524918.526,final,125,95
1029,water,10,2,2,-72629.067,final,50,35
1030,munin1,25,2,3,-313265.827,final,125,95
1031,pathfinder,25,3,2,-198511.878,60,125,98
1032,hepar2,50,1,2,-170406.794,30,230,132
1033,alarm,10,1,2,-68057.132,final,50,41
1034,munin1,10,3,2,-266975.896,60,50,46
1035,cancer,5,2,1,-10582.736,60,5,4
1036,win95pts,10,3,3,-59556.395,final,50,39
1037,munin1,50,3,1,-352372.203,final,250,172
1038,link,25,3,1,-1671527.425,30,125,107
1039,munin4,25,1,3,-1091938.789,60,125,114
1040,win95pts,25,1,1,-71155.581,60,125,72
1041,win95pts,50,2,3,-81303.605,60,250,132
1042,munin3,25,1,2,-947237.261,30,125,116
1043,munin4,50,3,1,-1113538.923,30,250,221
1044,andes,50,2,3,-542000.469,60,250,147
1045,win95pts,50,3,3,-83778.992,30,250,125
1046,alarm,5,3,1,-57244.342,60,25,23
1047,insurance,5,2,3,-76084.858,60,25,24
1048,munin,75,1,3,-1167810.863,30,375,309
1049,win95pts,50,3,1,-82787.709,final,250,125
1050,water,10,1,3,-74556.843,30,50,29
1051,andes,50,1,1,-544500.769,final,250,158
1052,munin,50,1,1,-1123519.76,30,250,232
1053,asia,5,3,3,-12837.513,30,15,12
1054,andes,50,3,1,-539043.774,60,250,151
1055,sachs,10,2,2,-36512.303,final,40,39
1056,andes,50,1,3,-544154.551,final,250,162
1057,pathfinder,25,2,1,-187536.382,60,125,106
1058,andes,25,2,2,-523112.817,60,125,87
1059,munin4,25,3,2,-1070302.258,30,125,118
1060,munin,50,3,2,-1120468.729,final,250,223
1061,insurance,5,2,1,-75957.902,final,25,24
1062,hailfinder,25,3,1,-288125.328,30,125,80
1063,hepar2,10,3,2,-165838.558,30,50,37
1064,hepar2,10,1,1,-166595.259,30,50,40
1065,sachs,10,1,2,-38452.851,60,40,32
1066,munin3,75,2,2,-983741.779,30,375,317
1067,survey,10,3,1,-19714.342,final,10,9
1068,mildew,10,1,3,-281322.676,30,50,33
1069,hepar2,50,3,1,-171080.276,30,230,122
1070,hailfinder,50,1,1,-300617.171,60,160,89
1071,munin3,75,3,3,-994294.061,30,375,335
1072,munin4,75,3,3,-1134855.109,final,375,333
1073,sachs,10,2,2,-36512.303,30,40,39
1074,insurance,10,2,3,-78442.708,60,50,39
1075,andes,25,2,2,-523112.817,final,125,87
1076,asia,5,2,3,-11548.251,60,15,15
1077,pathfinder,50,1,1,-259008.443,60,250,144
1078,munin1,50,1,2,-371796.353,60,250,159
1079,child,5,3,1,-62079.631,60,25,25
1080,barley,10,1,3,-333668.175,30,50,33
1081,pathfinder,25,1,3,-189653.773,30,125,103
1082,link,25,3,2,-1671929.884,60,125,107
1083,munin,50,2,2,-1127642.103,30,250,226
1084,hepar2,50,2,2,-169844.983,30,230,141
1085,pathfinder,50,3,3,-251203.253,final,250,149
1086,munin1,50,1,3,-373365.512,30,250,162
1087,diabetes,10,2,3,-2355721.158,final,50,41
1088,pathfinder,50,3,2,-249914.951,60,250,148
1089,barley,5,3,3,-314364.648,final,25,21
1090,pigs,25,2,2,-1919611.165,final,125,123
1091,barley,10,2,3,-331900.92,30,50,36
1092,mildew,5,1,3,-274044.533,final,25,23
1093,hepar2,50,1,1,-170406.794,final,230,132
1094,munin4,50,1,3,-1109374.514,60,250,232
1095,mildew,10,1,1,-281322.676,60,50,33
1096,pigs,25,2,1,-1916181.5,60,125,123
1097,link,50,2,2,-1689287.362,60,250,213
1098,mildew,10,1,1,-281322.676,final,50,33
1099,pathfinder,10,3,3,-163977.097,30,50,46
1100,munin3,25,3,1,-948926.796,30,125,110
1101,andes,10,2,3,-513336.607,30,50,41
1102,pigs,75,1,3,-1969934.784,30,375,305
1103,diabetes,25,3,2,-2497935.872,final,125,110
1104,win95pts,50,3,2,-83269.821,60,250,128
1105,diabetes,50,3,2,-2651616.691,30,250,188
1106,win95pts,10,3,1,-59458.692,final,50,39
1107,diabetes,25,1,2,-2427838.621,final,125,108
1108,diabetes,10,2,2,-2370463.068,final,50,43
1109,munin4,75,3,3,-1134855.109,60,375,333
1110,munin1,50,2,2,-376775.665,30,250,160
1111,andes,25,3,2,-526885.092,60,125,96
1112,hailfinder,10,1,3,-277636.393,final,50,39
1113,alarm,5,3,3,-57351.794,30,25,23
1114,hailfinder,10,2,2,-268223.066,60,50,38
1115,win95pts,25,1,2,-71136.804,final,125,72
1116,barley,10,3,2,-335719.194,30,50,31
1117,hailfinder,10,3,2,-273984.355,60,50,40
1118,hailfinder,25,3,1,-288125.328,final,125,80
1119,andes,25,2,1,-523878.835,final,125,88
1120,insurance,5,2,2,-76229.885,final,25,24
1121,win95pts,10,2,3,-58048.414,60,50,43
1122,hailfinder,10,3,2,-273984.355,final,50,40
1123,hepar2,10,2,1,-165537.748,60,50,45
1124,pigs,75,1,1,-1974294.238,final,375,301
1125,pigs,75,1,2,-1964297.476,final,375,310
1126,alarm,10,2,3,-67369.791,30,50,41
1127,asia,5,3,1,-12837.513,30,15,12
1128,link,50,1,1,-1697645.909,60,250,208
1129,diabetes,25,2,1,-2476873.0,final,125,104
1130,survey,10,3,2,-19714.342,30,10,9
1131,munin1,25,3,3,-308706.138,60,125,110
1132,survey,10,2,1,-19714.342,30,10,9
1133,diabetes,10,3,1,-2356530.164,final,50,46
1134,barley,5,1,3,-324587.738,60,25,25
1135,win95pts,50,1,3,-85100.794,final,250,125
1136,pathfinder,50,2,1,-249425.747,final,250,154
1137,hailfinder,25,1,1,-282292.346,30,125,87
1138,andes,10,3,2,-508704.546,final,50,43
1139,munin2,50,3,3,-958605.433,60,250,230
1140,link,25,1,1,-1682729.449,final,125,104
1141,diabetes,25,3,1,-2498730.189,final,125,109
1142,andes,10,1,3,-508494.936,30,50,42
1143,pigs,50,3,1,-1935243.645,30,250,228
1144,link,75,3,1,-1725773.743,30,375,292
1145,barley,5,2,3,-314356.036,60,25,23
1146,munin4,25,1,3,-1091938.789,final,125,114
1147,mildew,5,3,1,-275471.744,final,25,18
1148,sachs,10,1,3,-38452.851,60,40,32
1149,andes,10,3,1,-512366.328,30,50,42
1150,water,10,3,3,-71692.372,final,50,30
1151,asia,10,1,2,-11548.251,final,15,15
1152,munin4,75,3,2,-1132654.094,30,375,333
1153,diabetes,25,1,2,-2427838.621,60,125,108
1154,munin2,75,3,1,-975796.804,final,375,332
1155,survey,5,2,3,-19714.342,60,10,9
1156,pigs,50,1,1,-1941627.274,30,250,221
1157,barley,10,2,2,-332766.526,60,50,36
1158,diabetes,10,1,1,-2330390.863,60,50,44
1159,hepar2,50,3,1,-171080.276,60,230,122
1160,link,75,1,3,-1736622.733,30,375,292
1161,barley,10,1,1,-334055.342,60,50,33
1162,pigs,75,1,3,-1969934.784,60,375,305
1163,pathfinder,50,2,3,-249307.357,30,250,152
1164,mildew,5,3,2,-275471.744,60,25,18
1165,andes,10,2,2,-510017.454,30,50,42
1166,diabetes,10,1,2,-2338767.461,60,50,47
1167,win95pts,10,3,1,-59458.692,60,50,39
1168,cancer,5,2,2,-10582.736,60,5,4
1169,link,50,1,2,-1701711.801,60,250,206
1170,diabetes,50,3,3,-2663317.179,60,250,190
1171,sachs,5,1,3,-38733.51,final,25,19
1172,alarm,5,2,2,-60530.775,30,25,23
1173,link,50,2,3,-1691537.864,30,250,205
1174,hepar2,25,2,1,-168760.209,30,125,82
1175,hailfinder,25,3,3,-289325.731,60,125,82
1176,alarm,10,3,2,-68588.114,60,50,36
1177,hailfinder,10,3,2,-273984.355,30,50,40
1178,win95pts,50,2,2,-81303.605,60,250,132
1179,pathfinder,25,3,3,-197571.507,final,125,98
1180,water,5,3,3,-69040.451,30,25,24
1181,water,5,1,3,-69746.929,60,25,22
1182,link,75,3,3,-1730792.657,30,375,292
1183,link,50,3,2,-1700822.734,final,250,202
1184,munin2,50,3,1,-958623.847,60,250,231
1185,water,5,3,3,-68867.272,final,25,24
1186,pigs,75,3,2,-1974019.548,30,375,302
1187,cancer,5,2,3,-10582.736,30,5,4
1188,munin1,50,2,2,-376775.665,60,250,160
1189,pathfinder,50,2,2,-247517.865,30,250,156
1190,munin1,25,2,2,-315678.106,final,125,94
1191,munin4,75,2,3,-1150077.475,30,375,329
1192,asia,5,1,1,-11548.251,60,15,15
1193,asia,10,1,3,-11548.251,final,15,15
1194,barley,5,3,2,-314775.272,30,25,21
1195,mildew,5,1,2,-274057.892,60,25,23
1196,hepar2,10,3,1,-165639.683,60,50,38
1197,munin,75,2,1,-1162506.818,final,375,321
1198,win95pts,10,2,1,-58153.276,60,50,43
1199,munin3,75,3,2,-994968.985,30,375,330
1200,mildew,5,1,1,-274044.533,60,25,23
1201,pathfinder,10,1,3,-172456.009,final,50,48
1202,hailfinder,25,1,3,-282324.654,30,125,87
1203,hailfinder,50,1,1,-300617.171,final,160,89
1204,pigs,75,3,1,-1969420.21,final,375,313
1205,water,5,1,2,-69746.929,30,25,22
1206,munin3,50,3,1,-958872.843,30,250,227
1207,diabetes,10,3,2,-2335859.406,30,50,46
1208,win95pts,10,1,3,-54357.95,30,50,47
1209,munin,50,1,2,-1120976.662,30,250,230
1210,win95pts,10,2,1,-58153.276,final,50,43
1211,asia,5,1,1,-11548.251,30,15,15
1212,munin2,25,3,1,-938369.777,30,125,116
1213,munin,25,3,1,-1093803.439,30,125,118
1214,munin2,75,2,3,-979695.284,30,375,333
1215,munin1,25,1,2,-303289.465,final,125,94
1216,link,75,2,1,-1715248.122,final,375,304
1217,link,25,2,2,-1678894.402,60,125,105
1218,diabetes,10,1,2,-2338767.461,final,50,47
1219,andes,50,1,1,-544500.769,30,250,158
1220,sachs,5,1,2,-38733.51,60,25,19
1221,hepar2,50,2,1,-169845.238,30,230,143
1222,link,50,1,1,-1697645.909,final,250,208
1223,munin3,75,2,1,-982283.534,30,375,311
1224,pigs,25,1,3,-1913737.656,final,125,125
1225,munin2,75,3,3,-975607.148,60,375,333
1226,pathfinder,25,2,2,-187790.853,60,125,106
1227,link,75,1,3,-1736622.733,60,375,292
1228,andes,50,2,3,-544658.324,30,250,146
1229,munin2,50,2,3,-960101.573,60,250,222
1230,barley,5,2,2,-316342.886,60,25,23
1231,hepar2,50,1,3,-170406.794,30,230,132
1232,hepar2,10,1,3,-166660.558,30,50,40
1233,munin3,25,2,1,-940948.898,30,125,117
1234,pathfinder,25,1,1,-188722.579,final,125,103
1235,munin1,50,2,3,-373305.333,30,250,157
1236,mildew,10,3,3,-288651.311,60,50,32
1237,pathfinder,25,2,3,-188380.123,30,125,106
1238,hailfinder,25,2,3,-307438.962,final,125,74
1239,pigs,75,2,1,-1969266.661,final,375,315
1240,pigs,25,1,2,-1900335.226,final,125,125
1241,barley,10,2,3,-331900.92,final,50,36
1242,insurance,5,2,2,-76229.885,60,25,24
1243,andes,50,2,2,-545803.465,final,250,148
1244,pathfinder,10,2,2,-168124.352,final,50,47
1245,munin2,75,2,3,-978602.956,60,375,336
1246,andes,25,3,3,-524918.526,60,125,95
1247,win95pts,25,3,1,-71031.826,30,125,84
1248,munin4,25,2,1,-1074274.375,30,125,117
1249,andes,25,3,2,-526947.334,30,125,94
1250,diabetes,10,3,2,-2335859.406,final,50,46
1251,link,75,1,2,-1734882.269,60,375,295
1252,asia,5,2,1,-11548.251,final,15,15
1253,munin,75,1,2,-1168276.902,30,375,317
1254,sachs,10,2,3,-36512.303,final,40,39
1255,win95pts,10,2,3,-58048.414,30,50,43
1256,munin1,10,2,2,-273865.463,30,50,50
1257,munin3,25,3,2,-948953.782,60,125,110
1258,win95pts,25,3,1,-70715.32,final,125,84
1259,pigs,50,1,2,-1943788.762,30,250,218
1260,andes,10,3,2,-511179.174,30,50,42
1261,andes,25,3,2,-526885.092,final,125,96
1262,win95pts,50,3,2,-83269.821,30,250,128
1263,diabetes,25,3,3,-2471956.619,60,125,110
1264,diabetes,25,2,3,-2477834.703,30,125,104
1265,hailfinder,10,1,1,-277791.546,60,50,39
1266,pigs,50,1,1,-1939594.868,60,250,223
1267,pigs,75,1,2,-1976702.799,30,375,305
