index,instance,width_bound,heuristic,random_seed,tw,msss,score,log_likelihood,reasoning_time
0,water-5000,50,kmax,5,4,768.0,-65865.813,-12.946465970159297,0.01675050497055054
1,survey-5000,50,kmax,5,2,12.0,-19710.916,-3.931762627574588,0.007469272613525391
2,sachs-5000,50,kmax,5,5,729.0,-36511.41,-7.162536099798797,0.010130569934844971
3,mildew-5000,50,kmax,5,5,14968800.0,-262638.071,-48.76825478114104,12.63462686061859
4,insurance-5000,50,kmax,5,6,9600.0,-68053.141,-13.171643550104314,0.02546473026275635
5,hepar2-5000,50,kmax,5,7,768.0,-164433.403,-32.65349793396637,0.03407940149307251
6,hailfinder-5000,50,kmax,5,6,7128.0,-252358.105,-49.41159362975881,0.04172079086303711
7,child-5000,50,kmax,5,8,38880.0,-62059.503,-12.226682146119426,0.01880155086517334
8,barley-5000,50,kmax,5,5,2026080.0,-294944.952,-52.398346134361674,1.604165930747986
9,alarm-5000,50,kmax,5,15,35831808.0,-53781.339,-10.415376396591016,4.159306602478027
10,water-5000,50,kmax,4,4,768.0,-65865.813,-12.946334315887624,0.015320804119110108
11,survey-5000,50,kmax,4,2,12.0,-19710.916,-3.931762627574588,0.007950117588043213
12,sachs-5000,50,kmax,4,5,729.0,-36511.41,-7.162535736155533,0.010004606246948242
13,mildew-5000,50,kmax,4,5,14968800.0,-262638.071,-48.76825478114104,13.231483066082
14,insurance-5000,50,kmax,4,6,9600.0,-68053.141,-13.171643550104314,0.02494302034378052
15,hepar2-5000,50,kmax,4,7,768.0,-164433.403,-32.65349793341866,0.03225174188613891
16,hailfinder-5000,50,kmax,4,6,3888.0,-252358.106,-49.41166733757574,0.033348793983459475
17,child-5000,50,kmax,4,8,38880.0,-62059.503,-12.226682146119426,0.020073626041412353
18,barley-5000,50,kmax,4,5,2026080.0,-294944.952,-52.398346134361674,1.3097374200820924
19,alarm-5000,50,kmax,4,15,35831808.0,-53781.339,-10.415376396591016,5.180120496749878
20,water-5000,50,kmax,3,4,768.0,-65865.813,-12.946466225974426,0.018823897838592528
21,survey-5000,50,kmax,3,2,12.0,-19710.916,-3.931762627574588,0.00945967435836792
22,sachs-5000,50,kmax,3,5,729.0,-36511.41,-7.1625360002157334,0.010604054927825929
23,mildew-5000,50,kmax,3,5,14968800.0,-262638.071,-48.76825478114104,14.50564995765686
24,insurance-5000,50,kmax,3,6,9600.0,-68053.141,-13.171643550104314,0.02469796419143677
25,hepar2-5000,50,kmax,3,6,384.0,-164433.403,-32.65349793341866,0.03166591167449951
26,hailfinder-5000,50,kmax,3,6,7128.0,-252358.105,-49.41159362975881,0.039771709442138675
27,diabetes-5000,50,kmax,3,6,471900.0,-2264555.363,-406.8654186421982,2.14858687877655
28,child-5000,50,kmax,3,8,38880.0,-62059.503,-12.226682146119426,0.018889155387878415
29,barley-5000,50,kmax,3,5,2026080.0,-294944.952,-52.398346134361674,0.6737570571899414
30,alarm-5000,50,kmax,3,15,35831808.0,-53781.339,-10.415376396591016,6.1483525371551515
31,water-5000,50,kmax,2,4,768.0,-65865.813,-12.946418827835368,0.010530467033386231
32,survey-5000,50,kmax,2,2,12.0,-19710.916,-3.931762627574588,0.007634227275848389
33,sachs-5000,50,kmax,2,5,729.0,-36511.41,-7.1625360002157334,0.007878928184509278
34,mildew-5000,50,kmax,2,5,14968800.0,-262638.071,-48.76825478114104,10.269233992099762
35,insurance-5000,50,kmax,2,6,9600.0,-68053.141,-13.171643550104314,0.0241656756401062
36,hepar2-5000,50,kmax,2,7,768.0,-164433.403,-32.65349793341866,0.03224181890487671
37,hailfinder-5000,50,kmax,2,6,7128.0,-252358.105,-49.41159362975881,0.040952670574188235
38,child-5000,50,kmax,2,8,38880.0,-62059.503,-12.226682146119426,0.01938957691192627
39,barley-5000,50,kmax,2,5,2026080.0,-294944.952,-52.398346134361674,1.531839838027954
40,alarm-5000,50,kmax,2,15,35831808.0,-53781.339,-10.415376400626045,5.574884417057038
41,water-5000,50,kmax,1,4,768.0,-65865.813,-12.946334057535678,0.016044209003448485
42,survey-5000,50,kmax,1,2,12.0,-19710.916,-3.931762627574588,0.008213479518890381
43,sachs-5000,50,kmax,1,5,729.0,-36511.41,-7.1625360002157334,0.010148916244506836
44,mildew-5000,50,kmax,1,5,14968800.0,-262638.071,-48.76825478114104,10.0953027677536
45,insurance-5000,50,kmax,1,6,9600.0,-68053.141,-13.171643550104314,0.021689939498901366
46,hepar2-5000,50,kmax,1,7,768.0,-164433.403,-32.65349793341866,0.033465349674224855
47,hailfinder-5000,50,kmax,1,6,7128.0,-252358.106,-49.41166559445424,0.04111620426177978
48,child-5000,50,kmax,1,8,38880.0,-62059.503,-12.226682146119426,0.018381707668304444
49,barley-5000,50,kmax,1,5,2026080.0,-294944.952,-52.398346134361674,1.8330871915817264
50,alarm-5000,50,kmax,1,15,35831808.0,-53781.339,-10.415376396591016,1.9336330723762511
51,water-5000,50,kg,5,6,5184.0,-65865.813,-12.946418827835368,0.016366019248962402
52,survey-5000,50,kg,5,1,6.0,-19710.916,-3.931762627574588,0.007061867713928222
53,sachs-5000,50,kg,5,5,729.0,-36511.41,-7.162535736155533,0.01149249792098999
54,pigs-5000,50,kg,5,14,14348907.0,-1837872.665,-361.4735850621069,
55,link-5000,50,kg,5,10,2097152.0,-1635477.431,-318.26250322720597,7.955073478221894
56,insurance-5000,50,kg,5,9,32400.0,-68053.141,-13.171643550104314,0.025752437114715577
57,hailfinder-5000,50,kg,5,10,1368576.0,-252358.106,-49.41166733757574,0.3519940090179443
58,child-5000,50,kg,5,6,4860.0,-62059.503,-12.226682146119426,0.014937396049499512
59,barley-5000,50,kg,5,7,20736000.0,-294944.952,-52.398346134361674,10.934373168945312
60,alarm-5000,50,kg,5,8,36864.0,-53781.339,-10.415376396591016,0.040262200832366944
61,water-5000,50,kg,4,3,256.0,-65865.813,-12.946334060072498,0.015511314868927002
62,survey-5000,50,kg,4,3,24.0,-19710.916,-3.931762627574588,0.007280235290527344
63,sachs-5000,50,kg,4,4,243.0,-36511.41,-7.162535835738647,0.009697895050048828
64,link-5000,50,kg,4,11,16777216.0,-1634091.336,-316.5391776284947,53.19166582107544
65,insurance-5000,50,kg,4,11,414720.0,-68053.141,-13.171643550104314,0.08630670547485352
66,hepar2-5000,50,kg,4,12,55296.0,-164436.026,-32.65772726231221,0.2082299661636353
67,hailfinder-5000,50,kg,4,9,331776.0,-252358.106,-49.41159361497365,0.27076464891433716
68,diabetes-5000,50,kg,4,7,13449150.0,-2274910.62,-405.9726281922924,62.28604047298431
69,child-5000,50,kg,4,8,17280.0,-62059.503,-12.226682146119426,0.013585190773010252
70,alarm-5000,50,kg,4,12,1990656.0,-53781.339,-10.415376396591016,0.4090882444381714
71,water-5000,50,kg,3,3,192.0,-65865.813,-12.946418827835368,0.014978601932525634
72,survey-5000,50,kg,3,3,24.0,-19710.916,-3.931762627574588,0.007017147541046142
73,sachs-5000,50,kg,3,6,2187.0,-36511.41,-7.162535835738647,0.011088967323303224
74,link-5000,50,kg,3,11,16384.0,-1634342.089,-317.9547858114594,0.965820643901825
75,insurance-5000,50,kg,3,12,3686400.0,-68053.141,-13.171643550104314,0.1733198070526123
76,hepar2-5000,50,kg,3,19,84934656.0,-164443.305,-32.64584365886301,
77,hailfinder-5000,50,kg,3,12,223534080.0,-252358.106,-49.41166559445424,
78,child-5000,50,kg,3,6,1296.0,-62059.503,-12.226682146119426,0.01412421464920044
79,alarm-5000,50,kg,3,8,13824.0,-53781.339,-10.415376396591016,0.02730619668960571
80,barley-5000,50,kg,3,6,564480.0,-294944.952,-52.398346134361674,0.8217008757591248
81,water-5000,50,kg,2,6,6912.0,-65865.813,-12.946418827835368,0.019870505332946774
82,survey-5000,50,kg,2,3,24.0,-19710.916,-3.931762627574588,0.007469654083251953
83,sachs-5000,50,kg,2,5,729.0,-36511.41,-7.162536099798797,0.011621170043945313
84,mildew-5000,50,kg,2,4,92160.0,-262638.071,-48.76825478114104,0.0733827829360962
85,link-5000,50,kg,2,9,524288.0,-1640222.009,-319.91945556107413,1.9957906341552736
86,insurance-5000,50,kg,2,10,983040.0,-68053.141,-13.171643550104314,0.2063246750831604
87,hepar2-5000,50,kg,2,11,110592.0,-164443.429,-32.65350031713389,0.3288807272911072
88,child-5000,50,kg,2,12,466560.0,-62059.503,-12.226682146119426,0.032349298000335695
89,alarm-5000,50,kg,2,7,15552.0,-53781.339,-10.415376396591016,0.0381326937675476
90,water-5000,50,kg,1,4,768.0,-65865.813,-12.946334060072498,0.01562002658843994
91,survey-5000,50,kg,1,3,24.0,-19710.916,-3.931762627574588,0.012172074317932128
92,sachs-5000,50,kg,1,7,6561.0,-36511.41,-7.162536099798797,0.011619973182678222
93,mildew-5000,50,kg,1,5,2459520.0,-262638.071,-48.76825478114104,1.472369818687439
94,link-5000,50,kg,1,11,65536.0,-1636566.392,-318.2305338391258,1.112452619075775
95,insurance-5000,50,kg,1,8,61440.0,-68053.141,-13.171643550104314,0.04291345596313476
96,hepar2-5000,50,kg,1,15,393216.0,-164438.95,-32.65260326778031,0.8420137882232666
97,hailfinder-5000,50,kg,1,9,342144.0,-252358.106,-49.41166559445424,0.31660899877548215
98,child-5000,50,kg,1,7,9720.0,-62059.503,-12.226682146119426,0.012622277736663818
99,barley-5000,50,kg,1,8,93312000.0,-294944.952,-52.398346134361674,35.459486675262454
100,alarm-5000,50,kg,1,8,4608.0,-53781.339,-10.415376400626045,0.023928680419921876
101,water-5000,45,kmax,5,4,768.0,-65865.813,-12.946465970499538,0.014848384857177734
102,survey-5000,45,kmax,5,2,12.0,-19710.916,-3.931762627574588,0.008288156986236573
103,sachs-5000,45,kmax,5,5,729.0,-36511.41,-7.162535835738647,0.009649388790130616
104,mildew-5000,45,kmax,5,5,14968800.0,-262638.071,-48.76825478114104,9.00132726430893
105,insurance-5000,45,kmax,5,6,9600.0,-68053.141,-13.171643550104314,0.026685092449188232
106,hepar2-5000,45,kmax,5,7,768.0,-164433.403,-32.65349793341866,0.03404858589172363
107,hailfinder-5000,45,kmax,5,6,7128.0,-252359.119,-49.41186827955912,0.04017462253570556
108,diabetes-5000,45,kmax,5,5,484500.0,-2268753.478,-409.2433831838899,2.0709050059318543
109,child-5000,45,kmax,5,8,38880.0,-62059.503,-12.226682146119426,0.01789240598678589
110,barley-5000,45,kmax,5,5,2026080.0,-294944.952,-52.398346134361674,1.6298189640045166
111,alarm-5000,45,kmax,5,15,35831808.0,-53781.339,-10.415376396591016,2.9092459225654603
112,water-5000,45,kmax,4,4,768.0,-65865.813,-12.946334060412806,0.015669739246368407
113,survey-5000,45,kmax,4,2,12.0,-19710.916,-3.931762627574588,0.008626906871795655
114,sachs-5000,45,kmax,4,5,729.0,-36511.41,-7.1625360002157334,0.01117677927017212
115,mildew-5000,45,kmax,4,5,14968800.0,-262638.071,-48.76825478114104,13.44765636444092
116,insurance-5000,45,kmax,4,6,9600.0,-68053.141,-13.171643550104314,0.02434415102005005
117,hepar2-5000,45,kmax,4,7,768.0,-164433.411,-32.65349794664046,0.031807174682617186
118,hailfinder-5000,45,kmax,4,4,1188.0,-252361.761,-49.411823923334744,0.03335433483123779
119,child-5000,45,kmax,4,8,38880.0,-62059.503,-12.226682146119426,0.0192568302154541
120,barley-5000,45,kmax,4,5,2026080.0,-294944.952,-52.398346134361674,1.744466941356659
121,alarm-5000,45,kmax,4,15,35831808.0,-53781.339,-10.415376396591016,4.398343975543976
122,water-5000,45,kmax,3,4,768.0,-65865.813,-12.946550737922172,0.015132646560668943
123,survey-5000,45,kmax,3,2,12.0,-19710.916,-3.931762627574588,0.007653038501739501
124,sachs-5000,45,kmax,3,5,729.0,-36511.41,-7.162535736155533,0.010817530155181884
125,mildew-5000,45,kmax,3,5,14968800.0,-262638.071,-48.76825478114104,11.86562699317932
126,insurance-5000,45,kmax,3,6,9600.0,-68053.141,-13.171643550104314,0.02481977701187134
127,hepar2-5000,45,kmax,3,7,768.0,-164433.403,-32.65349793341866,0.03242823600769043
128,hailfinder-5000,45,kmax,3,6,7128.0,-252367.348,-49.4118109633475,0.040720887184143066
129,child-5000,45,kmax,3,8,38880.0,-62059.503,-12.226682146119426,0.018160810470581056
130,barley-5000,45,kmax,3,5,2026080.0,-294944.952,-52.398346134361674,1.2276955842971802
131,alarm-5000,45,kmax,3,15,35831808.0,-53781.339,-10.415376396591016,6.009236891269683
132,water-5000,45,kmax,2,4,768.0,-65865.813,-12.946418827835368,0.01477220058441162
133,survey-5000,45,kmax,2,2,12.0,-19710.916,-3.931762627574588,0.007899370193481445
134,sachs-5000,45,kmax,2,5,729.0,-36511.41,-7.162535736155533,0.009908175468444825
135,munin1-5000,45,kmax,2,12,38400000.0,-236308.252,-42.10120061755951,
136,mildew-5000,45,kmax,2,5,14968800.0,-262638.071,-48.76825478114104,14.537178552150726
137,link-5000,45,kmax,2,11,16777216.0,-1582694.479,-306.1793074056944,49.63342782497406
138,insurance-5000,45,kmax,2,6,9600.0,-68053.141,-13.171643550104314,0.024835207462310792
139,hepar2-5000,45,kmax,2,7,768.0,-164434.654,-32.65269670367957,0.03728254795074463
140,hailfinder-5000,45,kmax,2,5,1188.0,-252358.219,-49.41118643738389,0.031353812217712405
141,child-5000,45,kmax,2,8,38880.0,-62059.503,-12.226682146119426,0.016816701889038086
142,barley-5000,45,kmax,2,5,2026080.0,-294944.952,-52.398346134361674,1.654123764038086
143,alarm-5000,45,kmax,2,15,35831808.0,-53781.339,-10.415376396591016,4.875847868919372
144,water-5000,45,kmax,1,4,768.0,-65865.813,-12.94633297885034,0.015851507186889647
145,survey-5000,45,kmax,1,2,12.0,-19710.916,-3.931762627574588,0.008678665161132812
146,sachs-5000,45,kmax,1,5,729.0,-36511.41,-7.162535835738647,0.009501214027404786
147,mildew-5000,45,kmax,1,5,14968800.0,-262638.071,-48.76825478114104,10.996682550907137
148,insurance-5000,45,kmax,1,6,9600.0,-68053.141,-13.171643550104314,0.022357618808746337
149,hepar2-5000,45,kmax,1,6,384.0,-164433.669,-32.65355098137997,0.02971439599990845
150,hailfinder-5000,45,kmax,1,6,7128.0,-252361.308,-49.412306022659784,0.041479263305664066
151,child-5000,45,kmax,1,8,38880.0,-62059.503,-12.226682146119426,0.01796462059020996
152,barley-5000,45,kmax,1,5,2026080.0,-294944.952,-52.398346134361674,2.0125737953186036
153,alarm-5000,45,kmax,1,15,35831808.0,-53781.339,-10.415376396591016,5.2681557965278625
154,water-5000,45,kg,5,6,5184.0,-65865.813,-12.94633297885034,0.0171018648147583
155,survey-5000,45,kg,5,1,6.0,-19710.916,-3.931762627574588,0.006516373157501221
156,sachs-5000,45,kg,5,5,729.0,-36511.41,-7.1625360002157334,0.010849244594573974
157,link-5000,45,kg,5,9,1048576.0,-1635756.104,-317.0361987994867,4.181185669898987
158,insurance-5000,45,kg,5,12,1310720.0,-68053.141,-13.171643550104314,0.19357694387435911
159,hepar2-5000,45,kg,5,17,31850496.0,-164449.846,-32.65658682751123,37.50126534461975
160,diabetes-5000,45,kg,5,24,9.257422686587776e+24,-2270572.769,0.0,0.006966006755828857
161,child-5000,45,kg,5,6,4860.0,-62059.503,-12.226682146119426,0.012964539527893068
162,alarm-5000,45,kg,5,10,147456.0,-53781.339,-10.415376400626045,0.12594497680664063
163,water-5000,45,kg,4,3,256.0,-65865.813,-12.946533698495712,0.016494834423065187
164,survey-5000,45,kg,4,3,24.0,-19710.916,-3.931762627574588,0.008016383647918702
165,sachs-5000,45,kg,4,4,243.0,-36511.41,-7.1625360002157334,0.011986443996429444
166,link-5000,45,kg,4,12,8388608.0,-1634881.103,-317.5656255745315,20.911443662643432
167,insurance-5000,45,kg,4,12,8847360.0,-68053.141,-13.171643550104314,0.7331445455551148
168,hepar2-5000,45,kg,4,17,9437184.0,-164444.832,-32.655482338233675,14.197265741825104
169,child-5000,45,kg,4,8,17280.0,-62059.503,-12.22668017503302,0.028018696308135985
170,alarm-5000,45,kg,4,13,1679616.0,-53781.339,-10.415376400626045,0.3719983530044555
171,barley-5000,45,kg,4,6,2592000.0,-294944.952,-52.398346134361674,3.564910862445831
172,water-5000,45,kg,3,3,192.0,-65865.813,-12.946465970159297,0.014388298988342286
173,survey-5000,45,kg,3,3,24.0,-19710.916,-3.931762627574588,0.0060019254684448246
174,sachs-5000,45,kg,3,6,2187.0,-36511.41,-7.1625360002157334,0.01014596462249756
175,link-5000,45,kg,3,11,2097152.0,-1634600.457,-317.7497997883436,7.482617094516754
176,insurance-5000,45,kg,3,10,1228800.0,-68053.141,-13.171643550104314,0.174730544090271
177,hepar2-5000,45,kg,3,18,21233664.0,-164452.801,-32.65195017108869,29.741824550628664
178,hailfinder-5000,45,kg,3,8,114048.0,-252365.329,-49.4113734939812,0.17849157333374024
179,child-5000,45,kg,3,6,1296.0,-62059.503,-12.226682146119426,0.012854480743408205
180,barley-5000,45,kg,3,9,391910400.0,-294944.952,-52.398346134361674,32.708236103057864
181,alarm-5000,45,kg,3,9,82944.0,-53781.339,-10.415376400626045,0.030252695083618164
182,water-5000,45,kg,2,6,5184.0,-65865.813,-12.94633297885034,0.016746573448181153
183,survey-5000,45,kg,2,3,24.0,-19710.916,-3.931762627574588,0.007669632434844971
184,sachs-5000,45,kg,2,5,729.0,-36511.41,-7.162535736155533,0.007287640571594239
185,mildew-5000,45,kg,2,4,92160.0,-262638.071,-48.76825478114104,0.09550109386444092
186,link-5000,45,kg,2,9,524288.0,-1637520.29,-318.62568142327177,2.3849394798278807
187,insurance-5000,45,kg,2,8,122880.0,-68053.141,-13.171643550104314,0.06261685132980346
188,hailfinder-5000,45,kg,2,10,7983360.0,-252365.715,-49.411374890260355,11.759783034324649
189,child-5000,45,kg,2,12,466560.0,-62059.503,-12.22668017503302,0.039038710594177246
190,alarm-5000,45,kg,2,7,15552.0,-53781.339,-10.415376396591016,0.03547367811203003
191,water-5000,45,kg,1,4,768.0,-65865.813,-12.946465970159297,0.011024410724639892
192,survey-5000,45,kg,1,3,24.0,-19710.916,-3.931762627574588,0.006259613037109375
193,sachs-5000,45,kg,1,7,6561.0,-36511.41,-7.162536099798797,0.011696436405181886
194,mildew-5000,45,kg,1,5,2459520.0,-262638.071,-48.76825478114104,1.2027606987953186
195,hepar2-5000,45,kg,1,15,884736.0,-164440.057,-32.65653128905906,0.961468698978424
196,insurance-5000,45,kg,1,7,17280.0,-68053.141,-13.171643550104314,0.02455235004425049
197,hailfinder-5000,45,kg,1,11,70253568.0,-252358.219,-49.41111447268863,48.07707767724991
198,child-5000,45,kg,1,7,9720.0,-62059.503,-12.226682146119426,0.009687232971191406
199,alarm-5000,45,kg,1,8,4608.0,-53781.339,-10.415376400626045,0.02541717290878296
200,water-5000,40,kmax,5,4,768.0,-65865.813,-12.946464899539826,0.01527895212173462
201,survey-5000,40,kmax,5,2,12.0,-19710.916,-3.931762627574588,0.007984957695007323
202,sachs-5000,40,kmax,5,5,729.0,-36511.41,-7.162536099798797,0.00951167106628418
203,mildew-5000,40,kmax,5,5,14968800.0,-262638.071,-48.76825478114104,11.20433257818222
204,insurance-5000,40,kmax,5,6,9600.0,-68053.141,-13.171643550104314,0.023522281646728517
205,hepar2-5000,40,kmax,5,7,768.0,-164433.807,-32.65548005071869,0.03229015588760376
206,hailfinder-5000,40,kmax,5,4,1188.0,-252366.252,-49.41105401027431,0.02183149814605713
207,child-5000,40,kmax,5,8,38880.0,-62059.503,-12.226682146119426,0.017854578495025634
208,barley-5000,40,kmax,5,5,2026080.0,-294944.952,-52.398346134361674,1.6440988659858704
209,alarm-5000,40,kmax,5,15,35831808.0,-53781.339,-10.415376400626045,5.698953154087067
210,water-5000,40,kmax,4,4,768.0,-65865.813,-12.946465967622514,0.015031468868255616
211,survey-5000,40,kmax,4,2,12.0,-19710.916,-3.931762627574588,0.008096351623535156
212,sachs-5000,40,kmax,4,5,729.0,-36511.41,-7.162535736155533,0.00736229419708252
213,munin1-5000,40,kmax,4,12,61440000.0,-236460.606,-42.20484604121822,
214,mildew-5000,40,kmax,4,5,14968800.0,-262638.071,-48.76825478114104,13.29625083208084
215,insurance-5000,40,kmax,4,6,9600.0,-68053.141,-13.171643550104314,0.022516705989837647
216,hepar2-5000,40,kmax,4,6,384.0,-164436.247,-32.64603395899389,0.018364214897155763
217,hailfinder-5000,40,kmax,4,5,7128.0,-252369.674,-49.41177138345994,0.0382672119140625
218,child-5000,40,kmax,4,8,38880.0,-62059.503,-12.226682146119426,0.01169548273086548
219,barley-5000,40,kmax,4,5,1085400.0,-294944.952,-52.398346134361674,0.990689868927002
220,alarm-5000,40,kmax,4,15,35831808.0,-53781.339,-10.415376396591016,5.438062999248505
221,water-5000,40,kmax,3,4,768.0,-65865.813,-12.946334060412806,0.01038120985031128
222,survey-5000,40,kmax,3,2,12.0,-19710.916,-3.931762627574588,0.00890913486480713
223,sachs-5000,40,kmax,3,5,729.0,-36511.41,-7.162535736155533,0.00959794521331787
224,mildew-5000,40,kmax,3,5,14968800.0,-262638.071,-48.76825478114104,10.046239640712738
225,insurance-5000,40,kmax,3,6,9600.0,-68053.141,-13.171643550104314,0.025564613342285155
226,hepar2-5000,40,kmax,3,6,384.0,-164435.05,-32.654678808619195,0.031921660900115965
227,hailfinder-5000,40,kmax,3,6,7128.0,-252371.158,-49.41155772164775,0.041240675449371336
228,child-5000,40,kmax,3,8,38880.0,-62059.503,-12.226682146119426,0.018670103549957275
229,barley-5000,40,kmax,3,5,2026080.0,-294944.952,-52.398346134361674,1.331727888584137
230,alarm-5000,40,kmax,3,15,35831808.0,-53781.339,-10.415376396591016,3.1302445769309997
231,water-5000,40,kmax,2,4,768.0,-65865.813,-12.946418827835368,0.015401487350463866
232,survey-5000,40,kmax,2,2,12.0,-19710.916,-3.931762627574588,0.008852834701538087
233,sachs-5000,40,kmax,2,5,729.0,-36511.41,-7.1625360002157334,0.010098772048950195
234,munin1-5000,40,kmax,2,11,13824000.0,-237342.712,-42.15601923708051,50.12028860569
235,mildew-5000,40,kmax,2,5,14968800.0,-262638.071,-48.76825478114104,13.90786633491516
236,insurance-5000,40,kmax,2,6,9600.0,-68053.141,-13.171643550104314,0.014409806728363036
237,hepar2-5000,40,kmax,2,7,768.0,-164434.662,-32.65269671744903,0.029814903736114503
238,hailfinder-5000,40,kmax,2,6,7128.0,-252372.936,-49.411672261104,0.040908217430114746
239,child-5000,40,kmax,2,8,38880.0,-62059.503,-12.22668017503302,0.020965354442596437
240,barley-5000,40,kmax,2,5,1085400.0,-294944.952,-52.398346134361674,0.7535037541389465
241,alarm-5000,40,kmax,2,15,35831808.0,-53781.339,-10.415376396591016,4.15853627204895
242,water-5000,40,kmax,1,4,768.0,-65865.813,-12.946466225974426,0.014004662036895751
243,survey-5000,40,kmax,1,2,12.0,-19710.916,-3.931762627574588,0.008553402423858643
244,sachs-5000,40,kmax,1,5,729.0,-36511.41,-7.162535736155533,0.007062010765075684
245,munin-5000,40,kmax,1,7,120000.0,-1040997.78,-190.43574402282837,1.8872639870643615
246,mildew-5000,40,kmax,1,5,14968800.0,-262638.071,-48.76825478114104,13.485607798099515
247,insurance-5000,40,kmax,1,6,9600.0,-68053.141,-13.171643550104314,0.014107913970947263
248,hepar2-5000,40,kmax,1,7,768.0,-164435.058,-32.65467882129334,0.03165472030639648
249,hailfinder-5000,40,kmax,1,6,7128.0,-252374.798,-49.411024643731515,0.02207979679107666
250,diabetes-5000,40,kmax,1,6,3326400.0,-2271437.016,-409.8966330274888,7.203946084976196
251,child-5000,40,kmax,1,8,38880.0,-62059.503,-12.226682146119426,0.020793039798736573
252,barley-5000,40,kmax,1,5,2026080.0,-294944.952,-52.398346134361674,1.7497315073013306
253,alarm-5000,40,kmax,1,15,35831808.0,-53781.339,-10.415376396591016,5.535234112739563
254,water-5000,40,kg,5,6,5184.0,-65865.813,-12.94633297885034,0.016999969482421873
255,survey-5000,40,kg,5,1,6.0,-19710.916,-3.931762627574588,0.0063695073127746586
256,sachs-5000,40,kg,5,5,729.0,-36511.41,-7.1625360002157334,0.01100379467010498
257,pigs-5000,40,kg,5,12,1594323.0,-1842648.317,-362.67225467400175,14.25215129852295
258,munin1-5000,40,kg,5,12,184320000.0,-243115.358,-43.98532166333635,
259,link-5000,40,kg,5,11,16777216.0,-1636598.488,-317.45853306524765,71.9282594704628
260,insurance-5000,40,kg,5,11,2211840.0,-68053.141,-13.171643550104314,0.18590270042419432
261,hepar2-5000,40,kg,5,10,24576.0,-164459.521,-32.648885402805874,0.09518033504486084
262,hailfinder-5000,40,kg,5,10,4105728.0,-252373.543,-49.411276551150785,2.326233603954315
263,barley-5000,40,kg,5,9,207360000.0,-295038.467,-52.38053505294289,
264,child-5000,40,kg,5,6,4860.0,-62059.503,-12.226682146119426,0.014145472049713136
265,water-5000,40,kg,4,3,256.0,-65865.813,-12.946334060412806,0.014439873695373535
266,alarm-5000,40,kg,5,9,55296.0,-53781.339,-10.415376396591016,0.05154263734817505
267,survey-5000,40,kg,4,3,24.0,-19710.916,-3.931762627574588,0.007201790809631348
268,sachs-5000,40,kg,4,4,243.0,-36511.41,-7.1625360002157334,0.011538991928100586
269,pathfinder-5000,40,kg,4,13,19660800.0,-150664.026,-26.854261035651614,48.83710177659989
270,link-5000,40,kg,4,11,2097152.0,-1638291.005,-319.01516424507173,8.478144385814666
271,insurance-5000,40,kg,4,9,204800.0,-68053.141,-13.171643550104314,0.04970864534378052
272,hepar2-5000,40,kg,4,13,55296.0,-164448.686,-32.660158698315406,0.1903961730003357
273,hailfinder-5000,40,kg,4,9,641520.0,-252403.455,-49.411388384393405,2.165157289505005
274,child-5000,40,kg,4,8,17280.0,-62059.503,-12.226682146119426,0.014223275184631347
275,barley-5000,40,kg,4,8,142560000.0,-294944.952,-52.398346134361674,
276,alarm-5000,40,kg,4,12,1990656.0,-53781.339,-10.415376400626045,0.49317628622055054
277,water-5000,40,kg,3,3,192.0,-65865.813,-12.946418827835368,0.014827022552490236
278,survey-5000,40,kg,3,3,24.0,-19710.916,-3.931762627574588,0.007890605926513672
279,sachs-5000,40,kg,3,6,2187.0,-36511.41,-7.162535736155533,0.01073397159576416
280,link-5000,40,kg,3,9,131072.0,-1640491.741,-318.4186667864346,1.66033536195755
281,insurance-5000,40,kg,3,13,7372800.0,-68053.141,-13.171643550104314,0.8210841012001038
282,hepar2-5000,40,kg,3,15,5308416.0,-164455.338,-32.65861765341525,10.309112503528596
283,hailfinder-5000,40,kg,3,10,2239488.0,-252394.788,-49.41166080995134,4.266549911499023
284,diabetes-5000,40,kg,3,7,20563200.0,-2269593.391,-406.12232481009886,33.272112932205204
285,child-5000,40,kg,3,6,1296.0,-62059.503,-12.226682146119426,0.014098680019378662
286,alarm-5000,40,kg,3,9,82944.0,-53781.339,-10.415376396591016,0.0330853533744812
287,water-5000,40,kg,2,6,6912.0,-65865.813,-12.946334057535678,0.0199251389503479
288,survey-5000,40,kg,2,3,24.0,-19710.916,-3.931762627574588,0.008093786239624024
289,sachs-5000,40,kg,2,5,729.0,-36511.41,-7.162536099798797,0.010863821506500244
290,mildew-5000,40,kg,2,4,92160.0,-262638.071,-48.76825478114104,0.09883547067642212
291,link-5000,40,kg,2,9,1048576.0,-1639652.537,-318.6468403929637,3.299761259555817
292,insurance-5000,40,kg,2,9,655360.0,-68053.141,-13.171643550104314,0.1770501661300659
293,hepar2-5000,40,kg,2,9,6912.0,-164459.861,-32.65551391761863,0.05450839519500733
294,hailfinder-5000,40,kg,2,7,114048.0,-252389.142,-49.411380145491194,0.602819344997406
295,child-5000,40,kg,2,12,466560.0,-62059.503,-12.22668017503302,0.03303844928741455
296,barley-5000,40,kg,2,6,66330000.0,-294952.766,-52.39834494695679,16.34622601747513
297,alarm-5000,40,kg,2,7,15552.0,-53781.339,-10.415376396591016,0.03632750749588013
298,water-5000,40,kg,1,4,768.0,-65865.813,-12.946334057535678,0.013430204391479492
299,survey-5000,40,kg,1,3,24.0,-19710.916,-3.931762627574588,0.00759547233581543
300,sachs-5000,40,kg,1,7,6561.0,-36511.41,-7.1625360002157334,0.01093519687652588
301,mildew-5000,40,kg,1,5,2459520.0,-262638.071,-48.76825478114104,1.6747201204299926
302,link-5000,40,kg,1,7,65536.0,-1638830.783,-319.5110271252329,0.9368679070472716
303,insurance-5000,40,kg,1,13,2359296.0,-68053.141,-13.171643550104314,0.2030026650428772
304,hepar2-5000,40,kg,1,8,1152.0,-164460.464,-32.66536934539714,0.03736560344696045
305,hailfinder-5000,40,kg,1,11,19245600.0,-252379.603,-49.40525913892144,20.53045571088791
306,child-5000,40,kg,1,7,9720.0,-62059.503,-12.226682146119426,0.0155592942237854
307,barley-5000,40,kg,1,7,81043200.0,-294953.977,-52.39834468421992,16.361228351593017
308,alarm-5000,40,kg,1,8,6912.0,-53781.339,-10.415376396591016,0.017354397773742675
309,water-5000,35,kmax,5,4,768.0,-65865.813,-12.946465970159297,0.013967897891998291
310,survey-5000,35,kmax,5,2,12.0,-19710.916,-3.931762627574588,0.007672455310821533
311,sachs-5000,35,kmax,5,5,729.0,-36511.41,-7.1625360002157334,0.011236002445220949
312,munin1-5000,35,kmax,5,14,176947200.0,-237351.68,-42.26120172570943,
313,mildew-5000,35,kmax,5,5,14968800.0,-262638.071,-48.76825478114104,12.607604055404662
314,insurance-5000,35,kmax,5,6,9600.0,-68053.141,-13.171643550104314,0.026707868576049804
315,hepar2-5000,35,kmax,5,6,384.0,-164434.662,-32.652696716587684,0.03111299991607666
316,hailfinder-5000,35,kmax,5,6,3888.0,-252373.026,-49.41124204835537,0.032638754844665524
317,child-5000,35,kmax,5,8,38880.0,-62059.503,-12.226682146119426,0.01863072633743286
318,barley-5000,35,kmax,5,5,213840.0,-294944.952,-52.398346134361674,0.3109471583366394
319,alarm-5000,35,kmax,5,15,35831808.0,-53781.339,-10.415376400626045,4.021822640895843
320,water-5000,35,kmax,4,4,768.0,-65865.813,-12.946334060072498,0.015665631294250488
321,survey-5000,35,kmax,4,2,12.0,-19710.916,-3.931762627574588,0.007774255275726318
322,sachs-5000,35,kmax,4,5,729.0,-36511.41,-7.162535736155533,0.011361305713653564
323,munin1-5000,35,kmax,4,11,86400000.0,-236775.089,-42.23487557910564,
324,mildew-5000,35,kmax,4,5,14968800.0,-262638.071,-48.76825478114104,15.813522911071775
325,insurance-5000,35,kmax,4,6,9600.0,-68053.141,-13.171643550104314,0.024005475044250487
326,hepar2-5000,35,kmax,4,7,768.0,-164434.662,-32.652696716587684,0.018993892669677735
327,hailfinder-5000,35,kmax,4,5,7128.0,-252407.569,-49.40515385633257,0.023232650756835935
328,child-5000,35,kmax,4,8,38880.0,-62059.503,-12.226682146119426,0.01999397039413452
329,barley-5000,35,kmax,4,5,213840.0,-294944.952,-52.398346134361674,0.2893801522254944
330,alarm-5000,35,kmax,4,15,35831808.0,-53781.339,-10.415376400626045,6.363268642425537
331,water-5000,35,kmax,3,4,768.0,-65865.813,-12.946465967622514,0.016159021854400636
332,survey-5000,35,kmax,3,2,12.0,-19710.916,-3.931762627574588,0.008258514404296875
333,sachs-5000,35,kmax,3,5,729.0,-36511.41,-7.1625360002157334,0.011809563636779786
334,mildew-5000,35,kmax,3,5,14968800.0,-262638.071,-48.76825478114104,14.298282952308655
335,link-5000,35,kmax,3,13,268435456.0,-1598186.175,-309.46640448688373,
336,insurance-5000,35,kmax,3,6,9600.0,-68053.141,-13.171643550104314,0.022009398937225345
337,hepar2-5000,35,kmax,3,7,384.0,-164439.675,-32.64603412315305,0.031130266189575196
338,hailfinder-5000,35,kmax,3,6,7128.0,-252411.866,-49.41186420714795,0.020484042167663575
339,diabetes-5000,35,kmax,3,5,428400.0,-2273488.084,-409.17194675705866,1.469837758541107
340,child-5000,35,kmax,3,8,38880.0,-62059.503,-12.226682146119426,0.01856823205947876
341,barley-5000,35,kmax,3,5,213840.0,-294953.977,-52.39834468421992,0.3316604042053223
342,alarm-5000,35,kmax,3,15,35831808.0,-53781.339,-10.415376400626045,5.450307912826538
343,water-5000,35,kmax,2,4,768.0,-65865.813,-12.946418827835368,0.015292155742645265
344,survey-5000,35,kmax,2,2,12.0,-19710.916,-3.931762627574588,0.007876508235931397
345,sachs-5000,35,kmax,2,5,729.0,-36511.41,-7.162535736155533,0.00985954999923706
346,mildew-5000,35,kmax,2,5,14968800.0,-262638.071,-48.76825478114104,13.162651574611663
347,insurance-5000,35,kmax,2,6,9600.0,-68053.141,-13.171643550104314,0.02296008586883545
348,hepar2-5000,35,kmax,2,5,192.0,-164443.885,-32.65273905522102,0.03024284839630127
349,hailfinder-5000,35,kmax,2,6,7128.0,-252401.002,-49.41120112453795,0.04071065902709961
350,diabetes-5000,35,kmax,2,6,1713600.0,-2274351.507,0.0,0.007863142490386964
351,child-5000,35,kmax,2,8,38880.0,-62059.503,-12.226682146119426,0.01854152202606201
352,barley-5000,35,kmax,2,5,213840.0,-294951.867,-52.398345624327575,0.28104653120040896
353,alarm-5000,35,kmax,2,15,35831808.0,-53781.339,-10.415376400626045,2.446367671489716
354,water-5000,35,kmax,1,4,768.0,-65865.813,-12.946533698495712,0.016086339950561523
355,survey-5000,35,kmax,1,2,12.0,-19710.916,-3.931762627574588,0.005943396091461182
356,sachs-5000,35,kmax,1,5,729.0,-36511.41,-7.162535835738647,0.01103154182434082
357,munin-5000,35,kmax,1,5,2400.0,-1042282.572,-190.98896155923015,1.1203943181037903
358,mildew-5000,35,kmax,1,5,14968800.0,-262638.071,-48.76825478114104,9.978566567897795
359,insurance-5000,35,kmax,1,6,9600.0,-68053.141,-13.171643550104314,0.02527641296386719
360,hepar2-5000,35,kmax,1,6,384.0,-164436.247,-32.64603395899389,0.03431396961212158
361,hailfinder-5000,35,kmax,1,5,7128.0,-252397.432,-49.40558135219229,0.04093990087509155
362,child-5000,35,kmax,1,8,38880.0,-62059.503,-12.226682146119426,0.01859629631042481
363,barley-5000,35,kmax,1,5,213840.0,-295023.606,-52.25354336071237,0.32539781093597414
364,alarm-5000,35,kmax,1,15,35831808.0,-53781.339,-10.415376396591016,4.406707377433777
365,water-5000,35,kg,5,4,432.0,-65865.813,-12.946334057535678,0.015666189193725585
366,survey-5000,35,kg,5,1,6.0,-19710.916,-3.931762627574588,0.007199921607971191
367,sachs-5000,35,kg,5,4,243.0,-36511.41,-7.162535736155533,0.010373098850250244
368,pigs-5000,35,kg,5,13,4782969.0,-1841867.539,-362.1575317354653,45.22222360610962
369,pathfinder-5000,35,kg,5,14,272160000.0,-150859.745,-26.938111390697873,
370,link-5000,35,kg,5,8,262144.0,-1641420.461,-319.0041185219917,2.1390703344345092
371,insurance-5000,35,kg,5,8,46080.0,-68053.141,-13.171643550104314,0.0300020694732666
372,hepar2-5000,35,kg,5,6,256.0,-164472.102,-32.65517326242739,0.029415459632873536
373,hailfinder-5000,35,kg,5,8,103680.0,-252415.704,-49.425653623027735,0.12499546051025393
374,child-5000,35,kg,5,6,4860.0,-62059.503,-12.226682146119426,0.013614771366119384
375,diabetes-5000,35,kg,5,5,2310400.0,-2277142.987,-404.9584159392538,10.998501670360564
376,alarm-5000,35,kg,5,10,147456.0,-53781.339,-10.415376400626045,0.12529289722442627
377,water-5000,35,kg,4,3,256.0,-65865.813,-12.946465970159297,0.015292813777923584
378,survey-5000,35,kg,4,3,24.0,-19710.916,-3.931762627574588,0.008460490703582764
379,sachs-5000,35,kg,4,4,243.0,-36511.41,-7.1625360002157334,0.010235583782196044
380,link-5000,35,kg,4,7,65536.0,-1642259.917,-319.5280042335321,1.0061279821395874
381,insurance-5000,35,kg,4,10,92160.0,-68053.141,-13.171643550104314,0.04079238891601562
382,hepar2-5000,35,kg,4,14,884736.0,-164492.306,-32.66505779609835,1.827396364212036
383,hailfinder-5000,35,kg,4,9,174636.0,-252443.703,-49.41422956978704,0.33055375337600706
384,child-5000,35,kg,4,8,17280.0,-62059.503,-12.226682146119426,0.015139927864074709
385,barley-5000,35,kg,4,6,612360.0,-295275.747,-52.312920746341135,0.35063318490982054
386,alarm-5000,35,kg,4,8,23328.0,-53781.339,-10.415376396591016,0.04707025766372681
387,water-5000,35,kg,3,3,192.0,-65865.813,-12.946334060072498,0.015079493522644044
388,survey-5000,35,kg,3,3,24.0,-19710.916,-3.931762627574588,0.008449194431304931
389,sachs-5000,35,kg,3,6,2187.0,-36511.41,-7.162535736155533,0.011113204956054688
390,pigs-5000,35,kg,3,11,531441.0,-1846882.947,-363.3174664253346,3.425976583957672
391,munin1-5000,35,kg,3,12,111974400.0,-244344.555,-43.610818686779766,
392,link-5000,35,kg,3,6,16384.0,-1642645.761,-319.36792649015376,0.9453394198417664
393,insurance-5000,35,kg,3,12,1105920.0,-68053.141,-13.171643550104314,0.16380874156951905
394,hepar2-5000,35,kg,3,10,27648.0,-164496.938,-32.65850735709102,0.13890603303909302
395,hailfinder-5000,35,kg,3,6,3888.0,-252417.99,-49.42471113630199,0.04494714975357056
396,child-5000,35,kg,3,6,1296.0,-62059.503,-12.22668017503302,0.014862189292907717
397,barley-5000,35,kg,3,5,317520.0,-295260.682,-52.27952949712312,0.42024113893508913
398,alarm-5000,35,kg,3,8,27648.0,-53781.339,-10.415376396591016,0.04018015146255493
399,water-5000,35,kg,2,6,6912.0,-65865.813,-12.946550737922172,0.020183563232421875
400,survey-5000,35,kg,2,3,24.0,-19710.916,-3.931762627574588,0.008785972595214844
401,sachs-5000,35,kg,2,5,729.0,-36511.41,-7.162535736155533,0.009693889617919922
402,pigs-5000,35,kg,2,16,129140163.0,-1849843.892,-363.8580271332987,
403,munin-5000,35,kg,2,9,223388928.0,-1071502.643,-197.41714004795844,
404,munin1-5000,35,kg,2,10,5529600.0,-242954.326,-43.577123854670155,24.210778052806855
405,mildew-5000,35,kg,2,4,92160.0,-262638.071,-48.76825478114104,0.10990998983383178
406,link-5000,35,kg,2,12,294912.0,-1640682.636,-318.30072340595285,1.6510537672042849
407,insurance-5000,35,kg,2,11,276480.0,-68053.141,-13.171643550104314,0.09901884555816652
408,hailfinder-5000,35,kg,2,14,295612416.0,-252458.715,-49.43356695252864,
409,hepar2-5000,35,kg,2,13,294912.0,-164472.269,-32.67481015672759,0.5501712918281555
410,child-5000,35,kg,2,12,466560.0,-62059.503,-12.226682146119426,0.03288663864135742
411,alarm-5000,35,kg,2,11,93312.0,-53781.339,-10.415376396591016,0.044582972526550295
412,survey-5000,35,kg,1,3,24.0,-19710.916,-3.931762627574588,0.006910462379455567
413,water-5000,35,kg,1,5,1296.0,-65865.813,-12.946465970159297,0.013619563579559324
414,sachs-5000,35,kg,1,7,6561.0,-36511.41,-7.1625360002157334,0.01131479024887085
415,mildew-5000,35,kg,1,5,2459520.0,-262638.071,-48.76825478114104,1.5392170667648315
416,link-5000,35,kg,1,8,131072.0,-1641983.037,-318.8196010803051,1.3907418131828309
417,insurance-5000,35,kg,1,13,8294400.0,-68053.141,-13.171643550104314,0.9596926450729372
418,hepar2-5000,35,kg,1,15,1769472.0,-164475.884,-32.64930776436497,4.322205362319946
419,hailfinder-5000,35,kg,1,7,42768.0,-252388.99,-49.405934171768145,0.16766996383666993
420,child-5000,35,kg,1,7,9720.0,-62059.503,-12.226682146119426,0.016114816665649415
421,barley-5000,35,kg,1,5,844200.0,-295300.875,-52.337032194671,0.4698479270935058
422,alarm-5000,35,kg,1,8,18432.0,-53781.339,-10.415376396591016,0.04084853172302246
423,water-5000,30,kmax,5,4,768.0,-65865.813,-12.946550737922172,0.014499704837799072
424,survey-5000,30,kmax,5,2,12.0,-19710.916,-3.931762627574588,0.008526749610900879
425,sachs-5000,30,kmax,5,5,729.0,-36511.41,-7.162535736155533,0.01050687313079834
426,munin1-5000,30,kmax,5,12,64800000.0,-236994.393,-42.46018104949447,
427,mildew-5000,30,kmax,5,5,14968800.0,-262638.071,-48.76825478114104,13.120410697460176
428,link-5000,30,kmax,5,13,134217728.0,-1591402.687,-308.3504441729632,
429,insurance-5000,30,kmax,5,6,9600.0,-68053.141,-13.171643550104314,0.0222681188583374
430,hepar2-5000,30,kmax,5,7,768.0,-164442.898,-32.6448087906944,0.03166272401809692
431,hailfinder-5000,30,kmax,5,4,1584.0,-252438.813,-49.41721991256928,0.03138387441635132
432,child-5000,30,kmax,5,8,38880.0,-62059.503,-12.226682146119426,0.018948886394500732
433,barley-5000,30,kmax,5,4,42768.0,-295256.396,-52.4592177721817,0.14451569557189942
434,alarm-5000,30,kmax,5,13,4478976.0,-53781.339,-10.415376396591016,1.1760971236228943
435,water-5000,30,kmax,4,4,768.0,-65865.813,-12.946465967622514,0.013732504844665528
436,survey-5000,30,kmax,4,2,12.0,-19710.916,-3.931762627574588,0.007731113433837891
437,sachs-5000,30,kmax,4,5,729.0,-36511.41,-7.162535736155533,0.01219099760055542
438,mildew-5000,30,kmax,4,5,14968800.0,-262638.071,-48.76825478114104,14.806087069511412
439,insurance-5000,30,kmax,4,6,9600.0,-68053.141,-13.171643550104314,0.02270108699798584
440,link-5000,30,kmax,4,13,268435456.0,-1597765.128,-309.800360915759,
441,hepar2-5000,30,kmax,4,6,384.0,-164445.131,-32.64610699857367,0.03223501920700073
442,hailfinder-5000,30,kmax,4,4,1188.0,-252429.853,-49.419277016244,0.029649977684020997
443,child-5000,30,kmax,4,8,38880.0,-62059.503,-12.226682146119426,0.020473997592926025
444,barley-5000,30,kmax,4,5,81000.0,-295130.757,-52.347840653850554,0.1601021981239319
445,alarm-5000,30,kmax,4,12,1990656.0,-53781.339,-10.415376396591016,0.4697328782081604
446,water-5000,30,kmax,3,4,768.0,-65865.813,-12.946465970159297,0.014212288856506348
447,survey-5000,30,kmax,3,2,12.0,-19710.916,-3.931762627574588,0.007589743137359619
448,sachs-5000,30,kmax,3,5,729.0,-36511.41,-7.162535736155533,0.010153322219848632
449,pathfinder-5000,30,kmax,3,14,87091200.0,-150425.302,-27.011647991736066,
450,link-5000,30,kmax,3,12,67108864.0,-1595682.556,-309.68021900426066,
451,mildew-5000,30,kmax,3,5,14968800.0,-262638.071,-48.76825478114104,11.171896448135376
452,insurance-5000,30,kmax,3,6,9600.0,-68053.141,-13.171643550104314,0.02302751302719116
453,hepar2-5000,30,kmax,3,6,384.0,-164439.828,-32.65658445693791,0.031011214256286623
454,hailfinder-5000,30,kmax,3,4,256.0,-252432.236,-49.41543748476417,0.02825907468795776
455,diabetes-5000,30,kmax,3,4,53295.0,-2273659.639,-410.9624651983514,0.7388506436347961
456,child-5000,30,kmax,3,8,38880.0,-62059.503,-12.226682146119426,0.02259142398834229
457,barley-5000,30,kmax,3,5,213840.0,-295130.757,-52.347840653850554,0.3508573365211487
458,alarm-5000,30,kmax,3,14,5971968.0,-53781.339,-10.415376400626045,0.5924554920196533
459,water-5000,30,kmax,2,4,768.0,-65865.813,-12.946465970499538,0.015421552658081056
460,survey-5000,30,kmax,2,2,12.0,-19710.916,-3.931762627574588,0.007381370067596435
461,sachs-5000,30,kmax,2,5,729.0,-36511.41,-7.162536099798797,0.010828721523284911
462,munin1-5000,30,kmax,2,7,367500.0,-236992.355,-42.36351425550432,2.3140360283851624
463,mildew-5000,30,kmax,2,5,14968800.0,-262638.071,-48.76825478114104,10.082039678096772
464,link-5000,30,kmax,2,13,268435456.0,-1593755.625,-309.80902320370825,
465,insurance-5000,30,kmax,2,6,9600.0,-68053.141,-13.171643550104314,0.021714084148406983
466,hepar2-5000,30,kmax,2,7,384.0,-164445.974,-32.65075143640689,0.032025468349456784
467,hailfinder-5000,30,kmax,2,4,594.0,-252434.559,-49.40344118109505,0.028040707111358643
468,child-5000,30,kmax,2,8,38880.0,-62059.503,-12.22668017503302,0.010000362396240234
469,barley-5000,30,kmax,2,5,213840.0,-295190.264,-52.39306594561083,0.2792487525939941
470,alarm-5000,30,kmax,2,14,5971968.0,-53781.339,-10.415376396591016,1.1438105392456055
471,water-5000,30,kmax,1,4,768.0,-65865.813,-12.94641774915,0.009915134906768798
472,survey-5000,30,kmax,1,2,12.0,-19710.916,-3.931762627574588,0.008261408805847168
473,sachs-5000,30,kmax,1,5,729.0,-36511.41,-7.162535736155533,0.007445836067199707
474,munin1-5000,30,kmax,1,11,82944000.0,-237138.866,-42.4765881270999,
475,mildew-5000,30,kmax,1,5,14968800.0,-262638.071,-48.76825478114104,14.236886417865753
476,insurance-5000,30,kmax,1,6,9600.0,-68053.141,-13.171643550104314,0.024001667499542235
477,hepar2-5000,30,kmax,1,6,384.0,-164443.03,-32.655522389352164,0.0324413275718689
478,hailfinder-5000,30,kmax,1,5,1296.0,-252449.326,-49.403337437241376,0.03265608549118042
479,child-5000,30,kmax,1,8,38880.0,-62059.503,-12.226682146119426,0.017485651969909668
480,barley-5000,30,kmax,1,5,213840.0,-294944.952,-52.398346134361674,0.2971380877494812
481,alarm-5000,30,kmax,1,14,11943936.0,-53781.339,-10.415376396591016,1.806828134059906
482,water-5000,30,kg,5,6,5184.0,-65865.813,-12.94633297885034,0.01569013833999634
483,survey-5000,30,kg,5,1,6.0,-19710.916,-3.931762627574588,0.00721287488937378
484,sachs-5000,30,kg,5,5,729.0,-36511.41,-7.162535835738647,0.010303726196289062
485,munin1-5000,30,kg,5,11,41472000.0,-244841.264,-43.820918173676645,38.50590080976486
486,mildew-5000,30,kg,5,4,51840.0,-262638.071,-48.76825478114104,0.03914050579071045
487,link-5000,30,kg,5,8,32768.0,-1640368.069,-319.45823258449917,0.3666585493087768
488,insurance-5000,30,kg,5,10,345600.0,-68053.141,-13.171643550104314,0.034665505886077884
489,hepar2-5000,30,kg,5,8,576.0,-164479.215,-32.65804935948064,0.03378064155578613
490,hailfinder-5000,30,kg,5,12,32845824.0,-252497.57,-49.42515768652863,26.73406004667282
491,child-5000,30,kg,5,6,4860.0,-62059.503,-12.226682146119426,0.014201622009277343
492,alarm-5000,30,kg,5,8,18432.0,-53781.339,-10.415376396591016,0.03577946662902832
493,water-5000,30,kg,4,3,256.0,-65865.813,-12.946334315887624,0.01592888116836548
494,survey-5000,30,kg,4,3,24.0,-19710.916,-3.931762627574588,0.00769150972366333
495,sachs-5000,30,kg,4,4,243.0,-36511.41,-7.162536099798797,0.009952919483184814
496,pigs-5000,30,kg,4,12,1594323.0,-1845416.615,-363.49944832490974,26.36734105348587
497,mildew-5000,30,kg,4,5,2542848.0,-262638.071,-48.76825478114104,1.8928689813613893
498,link-5000,30,kg,4,6,16384.0,-1642717.091,-319.43753909705345,0.7540181541442871
499,insurance-5000,30,kg,4,16,530841600.0,-68053.141,-13.171643550104314,4.723605060577393
500,hepar2-5000,30,kg,4,14,589824.0,-164488.476,-32.6746484666871,1.3151550579071043
501,hailfinder-5000,30,kg,4,8,17496.0,-252405.211,-49.40999561282624,0.046956024169921874
502,child-5000,30,kg,4,8,17280.0,-62059.503,-12.22668017503302,0.015431828498840332
503,barley-5000,30,kg,4,6,1587600.0,-295654.86,-52.36679432410684,0.7576131176948547
504,alarm-5000,30,kg,4,7,15552.0,-53781.339,-10.415376396591016,0.02579460144042969
505,water-5000,30,kg,3,4,432.0,-65865.813,-12.946334057535678,0.015774013996124266
506,survey-5000,30,kg,3,3,24.0,-19710.916,-3.931762627574588,0.00771662712097168
507,sachs-5000,30,kg,3,6,2187.0,-36511.41,-7.1625360002157334,0.01112227201461792
508,munin1-5000,30,kg,3,10,14000000.0,-243693.787,-43.590007729299394,54.29851961612702
509,mildew-5000,30,kg,3,4,18144.0,-262638.071,-48.76825478114104,0.04753151178359985
510,link-5000,30,kg,3,8,16384.0,-1636213.299,-317.55555452663555,0.8207191014289856
511,insurance-5000,30,kg,3,9,184320.0,-68053.141,-13.171643550104314,0.04978937864303589
512,hepar2-5000,30,kg,3,8,2592.0,-164493.772,-32.65458706915926,0.03921946048736572
513,hailfinder-5000,30,kg,3,7,21384.0,-252439.924,-49.3979844463469,0.09019309282302856
514,child-5000,30,kg,3,6,1296.0,-62059.503,-12.226682146119426,0.014043493270874024
515,barley-5000,30,kg,3,7,82056240.0,-295892.99,-52.48588689422554,24.219791917800904
516,alarm-5000,30,kg,3,8,55296.0,-53781.339,-10.415376396591016,0.044780731201171875
517,water-5000,30,kg,2,6,6912.0,-65865.813,-12.94633297885034,0.020523219108581545
518,survey-5000,30,kg,2,3,24.0,-19710.916,-3.931762627574588,0.00841484785079956
519,sachs-5000,30,kg,2,5,729.0,-36511.41,-7.162535736155533,0.010185587406158448
520,pigs-5000,30,kg,2,16,129140163.0,-1849392.51,-363.79752989518585,
521,munin1-5000,30,kg,2,9,1600000.0,-244282.618,-43.849880212181986,5.098766403198242
522,link-5000,30,kg,2,8,262144.0,-1640352.534,-318.9826170013368,1.43577250957489
523,insurance-5000,30,kg,2,8,102400.0,-68053.141,-13.171643550104314,0.049265289306640626
524,hepar2-5000,30,kg,2,14,331776.0,-164487.42,-32.66178018132261,0.8586157393455506
525,hailfinder-5000,30,kg,2,6,21384.0,-252503.724,-49.421961950905256,0.05511528491973877
526,child-5000,30,kg,2,12,466560.0,-62059.503,-12.22668017503302,0.03518698215484619
527,barley-5000,30,kg,2,7,214909200.0,-295880.941,-52.65507885008394,62.43990349769592
528,alarm-5000,30,kg,2,11,165888.0,-53781.339,-10.415376396591016,0.06787072896957397
529,water-5000,30,kg,1,5,2304.0,-65865.813,-12.946550737922172,0.017839531898498535
530,survey-5000,30,kg,1,3,24.0,-19710.916,-3.931762627574588,0.00847947359085083
531,sachs-5000,30,kg,1,7,6561.0,-36511.41,-7.162535835738647,0.010239951610565186
532,pigs-5000,30,kg,1,16,129140163.0,-1852515.069,-364.5208109032913,
533,pathfinder-5000,30,kg,1,13,26127360.0,-150926.982,-26.9949109847464,42.71877280950546
534,mildew-5000,30,kg,1,4,184320.0,-262638.071,-48.76825478114104,0.2581482744216919
535,link-5000,30,kg,1,9,16384.0,-1637483.436,-317.75091225426144,0.7256570410728455
536,insurance-5000,30,kg,1,9,102400.0,-68053.141,-13.171643550104314,0.05372985124588013
537,hepar2-5000,30,kg,1,12,147456.0,-164491.773,-32.66375299353105,0.4247595286369324
538,hailfinder-5000,30,kg,1,9,1254528.0,-252508.356,-49.43633514309091,0.6042108154296875
539,child-5000,30,kg,1,7,9720.0,-62059.503,-12.226682146119426,0.015121424198150634
540,barley-5000,30,kg,1,7,48384000.0,-296154.172,-52.34611583669847,21.255234398841857
541,alarm-5000,30,kg,1,7,2304.0,-53781.339,-10.415376396591016,0.013773114681243896
542,water-5000,25,kmax,5,4,768.0,-65865.813,-12.946550737922172,0.015199272632598878
543,survey-5000,25,kmax,5,2,12.0,-19710.916,-3.931762627574588,0.008033766746520996
544,sachs-5000,25,kmax,5,5,729.0,-36511.41,-7.162535835738647,0.010492596626281738
545,munin1-5000,25,kmax,5,8,1008000.0,-235996.81,-42.16334736353348,4.196519305706024
546,mildew-5000,25,kmax,5,5,14968800.0,-262638.071,-48.76825478114104,11.073340606689452
547,insurance-5000,25,kmax,5,6,9600.0,-68053.141,-13.171643550104314,0.022900075912475587
548,hepar2-5000,25,kmax,5,8,1536.0,-164457.386,-32.649609770112,0.03301727771759033
549,hailfinder-5000,25,kmax,5,4,1024.0,-252458.237,-49.41430606238093,0.030098979473114015
550,child-5000,25,kmax,5,8,38880.0,-62059.503,-12.226682146119426,0.017530360221862794
551,barley-5000,25,kmax,5,4,19440.0,-295353.542,-52.30580223073597,0.10729049921035766
552,alarm-5000,25,kmax,5,13,5971968.0,-53782.307,-10.415060615377586,1.020219349861145
553,water-5000,25,kmax,4,4,768.0,-65865.813,-12.946334060072498,0.015481560230255128
554,survey-5000,25,kmax,4,2,12.0,-19710.916,-3.931762627574588,0.007841341495513916
555,sachs-5000,25,kmax,4,5,729.0,-36511.41,-7.162535736155533,0.00924156904220581
556,pathfinder-5000,25,kmax,4,10,2322432.0,-150290.934,-27.05620489046538,6.448707637786865
557,munin-5000,25,kmax,4,6,5760.0,-1041021.455,-190.37731746920036,1.162823157310486
558,munin1-5000,25,kmax,4,9,1280000.0,-236432.932,-42.25513182604119,4.814171166419983
559,mildew-5000,25,kmax,4,4,702720.0,-262638.071,-48.76825478114104,0.8128709912300109
560,insurance-5000,25,kmax,4,6,9600.0,-68053.141,-13.171643550104314,0.023596460819244384
561,hepar2-5000,25,kmax,4,5,192.0,-164453.354,-32.65928941109742,0.028983774185180663
562,hailfinder-5000,25,kmax,4,4,594.0,-252470.096,-49.40938622579509,0.03131859302520752
563,child-5000,25,kmax,4,8,38880.0,-62059.503,-12.226682146119426,0.01752474069595337
564,barley-5000,25,kmax,4,5,213840.0,-295427.409,-52.25660387133315,0.2860564923286438
565,alarm-5000,25,kmax,4,12,663552.0,-53783.8,-10.41551335296944,0.17127188682556152
566,water-5000,25,kmax,3,4,768.0,-65865.813,-12.946334060072498,0.019179203510284425
567,survey-5000,25,kmax,3,2,12.0,-19710.916,-3.931762627574588,0.00762099027633667
568,sachs-5000,25,kmax,3,5,729.0,-36511.41,-7.162535736155533,0.00941648006439209
569,munin1-5000,25,kmax,3,11,26880000.0,-237451.528,-42.564079716699894,63.649391412734985
570,mildew-5000,25,kmax,3,4,149688.0,-262638.071,-48.76825478114104,0.09932318449020386
571,link-5000,25,kmax,3,12,67108864.0,-1593084.588,-309.3697360764353,
572,insurance-5000,25,kmax,3,6,4608.0,-68053.141,-13.171643550104314,0.012386293411254882
573,hepar2-5000,25,kmax,3,6,192.0,-164456.497,-32.64788301441166,0.01758507013320923
574,hailfinder-5000,25,kmax,3,4,891.0,-252477.517,-49.42178538610756,0.018011500835418703
575,child-5000,25,kmax,3,8,38880.0,-62059.503,-12.226682146119426,0.0180183744430542
576,barley-5000,25,kmax,3,5,213840.0,-295478.863,-52.472406035219784,0.2641419196128845
577,alarm-5000,25,kmax,3,13,2239488.0,-53782.635,-10.426619002766774,0.9047208619117736
578,water-5000,25,kmax,2,4,768.0,-65865.813,-12.946334057535678,0.015686957836151122
579,survey-5000,25,kmax,2,2,12.0,-19710.916,-3.931762627574588,0.00753481388092041
580,sachs-5000,25,kmax,2,5,729.0,-36511.41,-7.162535736155533,0.01048781394958496
581,pathfinder-5000,25,kmax,2,13,9289728.0,-150506.626,-27.077071212937316,27.76579519510269
582,munin1-5000,25,kmax,2,12,144000000.0,-236359.952,-42.40929188352686,
583,mildew-5000,25,kmax,2,4,702720.0,-262638.071,-48.76825478114104,0.3903886485099792
584,insurance-5000,25,kmax,2,6,9600.0,-68053.141,-13.171643550104314,0.023792951107025145
585,hepar2-5000,25,kmax,2,4,96.0,-164453.816,-32.649913257583115,0.030883157253265386
586,hailfinder-5000,25,kmax,2,5,1782.0,-252475.201,-49.41736741363859,0.033400547504425046
587,child-5000,25,kmax,2,8,38880.0,-62059.503,-12.22668017503302,0.01179957628250122
588,barley-5000,25,kmax,2,4,42768.0,-295549.143,-52.44928584828595,0.10813271045684816
589,alarm-5000,25,kmax,2,13,2985984.0,-53782.306,-10.415142867847011,0.3141010546684265
590,water-5000,25,kmax,1,4,768.0,-65865.813,-12.946466225974426,0.015925242900848388
591,survey-5000,25,kmax,1,2,12.0,-19710.916,-3.931762627574588,0.0048565173149108885
592,sachs-5000,25,kmax,1,5,729.0,-36511.41,-7.162536099798797,0.01078298807144165
593,munin1-5000,25,kmax,1,9,384000.0,-236361.001,-42.32467600306072,1.0903033375740052
594,mildew-5000,25,kmax,1,5,14968800.0,-262638.071,-48.76825478114104,12.883437035083771
595,insurance-5000,25,kmax,1,6,9600.0,-68053.141,-13.171643550104314,0.02143451690673828
596,hepar2-5000,25,kmax,1,6,384.0,-164449.555,-32.6507983732929,0.031034250259399414
597,hailfinder-5000,25,kmax,1,5,1452.0,-252432.083,-49.42241504313801,0.04181175470352173
598,child-5000,25,kmax,1,8,38880.0,-62059.503,-12.226682146119426,0.01905862808227539
599,barley-5000,25,kmax,1,4,42768.0,-295576.264,-52.43255779528221,0.12253325700759889
600,alarm-5000,25,kmax,1,13,2985984.0,-53782.328,-10.415142865800538,0.4668232107162475
601,water-5000,25,kg,5,5,2304.0,-65865.813,-12.946334060072498,0.017659714221954347
602,survey-5000,25,kg,5,1,6.0,-19710.916,-3.931762627574588,0.007806692123413086
603,sachs-5000,25,kg,5,5,729.0,-36511.41,-7.162535736155533,0.009830729961395264
604,pigs-5000,25,kg,5,13,4782969.0,-1853927.732,-364.8632575886017,
605,munin1-5000,25,kg,5,12,345600000.0,-243723.24,-43.391617135050815,
606,mildew-5000,25,kg,5,6,254284800.0,-262638.071,-48.76825478114104,
607,link-5000,25,kg,5,7,16384.0,-1638930.024,-317.9174165387219,0.3486860918998718
608,insurance-5000,25,kg,5,10,921600.0,-68053.141,-13.171643550104314,0.06711241483688354
609,hepar2-5000,25,kg,5,10,9216.0,-164503.553,-32.67315756973697,0.07011441946029663
610,hailfinder-5000,25,kg,5,8,342144.0,-252597.035,-49.43055499091875,0.7290205430984497
611,child-5000,25,kg,5,6,4860.0,-62059.503,-12.226682146119426,0.013753001689910888
612,barley-5000,25,kg,5,6,725760.0,-296357.951,-52.394563716329664,0.4782232761383057
613,alarm-5000,25,kg,5,7,3456.0,-53789.909,-10.397380046918956,0.021373817920684813
614,water-5000,25,kg,4,4,576.0,-65865.813,-12.946465967622514,0.01496553897857666
615,survey-5000,25,kg,4,3,24.0,-19710.916,-3.931762627574588,0.007098236083984375
616,sachs-5000,25,kg,4,4,243.0,-36511.41,-7.162536099798797,0.010223402976989746
617,pigs-5000,25,kg,4,16,129140163.0,-1858026.249,-365.96192504097456,
618,pathfinder-5000,25,kg,4,13,313528320.0,-151219.044,-27.108404341120355,
619,link-5000,25,kg,4,7,65536.0,-1645418.57,-319.8284553156982,0.9640475225448608
620,insurance-5000,25,kg,4,13,70778880.0,-68053.141,-13.171643550104314,2.1942395997047424
621,hepar2-5000,25,kg,4,12,55296.0,-164513.594,-32.67556254297752,0.1390598750114441
622,hailfinder-5000,25,kg,4,10,2073600.0,-252551.208,-49.43320133804242,1.166256413459778
623,child-5000,25,kg,4,8,17280.0,-62059.503,-12.22668017503302,0.015755817890167237
624,barley-5000,25,kg,4,6,756000.0,-296323.554,-52.379123239157245,0.5736031746864318
625,alarm-5000,25,kg,4,10,82944.0,-53784.994,-10.41652987749818,0.045709085464477536
626,water-5000,25,kg,3,5,3072.0,-65865.813,-12.946334060072498,0.0155267071723938
627,survey-5000,25,kg,3,3,24.0,-19710.916,-3.931762627574588,0.007838962078094482
628,sachs-5000,25,kg,3,6,2187.0,-36511.41,-7.1625360002157334,0.009778926372528076
629,pathfinder-5000,25,kg,3,10,48988800.0,-151545.948,-26.796791986372025,
630,mildew-5000,25,kg,3,5,63571200.0,-262638.071,-48.76825478114104,40.17992928981781
631,link-5000,25,kg,3,6,16384.0,-1639979.571,-319.96161112276855,0.6655831456184387
632,hepar2-5000,25,kg,3,8,3072.0,-164522.162,-32.65370513610752,0.04202622175216675
633,insurance-5000,25,kg,3,8,8640.0,-68053.141,-13.171643550104314,0.024629085063934325
634,hailfinder-5000,25,kg,3,9,186624.0,-252622.979,-49.41844235586461,0.16818234205245972
635,child-5000,25,kg,3,6,1296.0,-62059.503,-12.22668017503302,0.01344205617904663
636,barley-5000,25,kg,3,8,373248000.0,-296860.483,-52.8394319763772,
637,alarm-5000,25,kg,3,6,5184.0,-53788.342,-10.415041487211685,0.022736310958862305
638,water-5000,25,kg,2,4,576.0,-65865.813,-12.94641774915,0.014743406772613526
639,survey-5000,25,kg,2,3,24.0,-19710.916,-3.931762627574588,0.007418415546417236
640,sachs-5000,25,kg,2,5,729.0,-36511.41,-7.162535835738647,0.010004444122314451
641,pigs-5000,25,kg,2,13,4782969.0,-1851944.638,-364.5643628494635,21.989537942409516
642,pathfinder-5000,25,kg,2,13,101606400.0,-151538.343,-27.362119544790986,
643,munin1-5000,25,kg,2,10,119000000.0,-244486.089,-43.72815012921037,
644,mildew-5000,25,kg,2,4,40320.0,-262638.071,-48.76825478114104,0.07124340057373046
645,link-5000,25,kg,2,10,16384.0,-1639404.311,-318.21244343236594,0.8883096194267273
646,insurance-5000,25,kg,2,8,20736.0,-68053.141,-13.171643550104314,0.029023263454437256
647,hepar2-5000,25,kg,2,8,1024.0,-164511.474,-32.67540637533359,0.03322666883468628
648,hailfinder-5000,25,kg,2,7,85536.0,-252573.099,-49.429595775915494,0.105833101272583
649,child-5000,25,kg,2,12,466560.0,-62059.503,-12.226682146119426,0.03593402624130249
650,barley-5000,25,kg,2,8,54432000.0,-296778.542,-52.6586669666338,40.045613749027254
651,alarm-5000,25,kg,2,9,165888.0,-53784.994,-10.41652987749818,0.10531139850616456
652,water-5000,25,kg,1,4,576.0,-65865.813,-12.946550737922172,0.014281907081604005
653,survey-5000,25,kg,1,3,24.0,-19710.916,-3.931762627574588,0.007451274394989014
654,sachs-5000,25,kg,1,7,6561.0,-36511.41,-7.162535835738647,0.01015446424484253
655,pigs-5000,25,kg,1,15,43046721.0,-1851556.374,-364.47683310135096,
656,munin-5000,25,kg,1,6,32256.0,-1068494.883,-196.8833854062187,1.2794378042221068
657,munin1-5000,25,kg,1,9,7350000.0,-245351.565,-43.952446227040966,13.946711564064026
658,link-5000,25,kg,1,7,65536.0,-1639721.12,-318.3496013076782,0.8291105270385742
659,insurance-5000,25,kg,1,8,76800.0,-68053.141,-13.171643550104314,0.04421535015106201
660,hepar2-5000,25,kg,1,8,3072.0,-164506.452,-32.66084434288632,0.034555861949920656
661,hailfinder-5000,25,kg,1,10,5987520.0,-252542.709,-49.42136732214414,9.06092830657959
662,child-5000,25,kg,1,7,9720.0,-62059.503,-12.226682146119426,0.015860326290130615
663,barley-5000,25,kg,1,6,1632960.0,-297010.888,-53.05009911429689,0.965953540802002
664,alarm-5000,25,kg,1,8,49152.0,-53783.8,-10.41551335296944,0.06082594871520996
665,water-5000,20,kmax,5,3,192.0,-65865.813,-12.946418827835368,0.01587291955947876
666,survey-5000,20,kmax,5,2,12.0,-19710.916,-3.931762627574588,0.007575454711914062
667,sachs-5000,20,kmax,5,5,729.0,-36511.41,-7.1625360002157334,0.011238365173339844
668,munin1-5000,20,kmax,5,9,1440000.0,-235923.852,-42.43271599431741,4.360098996162415
669,mildew-5000,20,kmax,5,4,702720.0,-262638.071,-48.76825478114104,0.7283638691902161
670,link-5000,20,kmax,5,9,1048576.0,-1604931.39,-311.9904512000378,6.884151473045349
671,insurance-5000,20,kmax,5,6,9600.0,-68053.141,-13.171643550104314,0.024074959754943847
672,hepar2-5000,20,kmax,5,5,192.0,-164456.229,-32.65393874026161,0.030308949947357177
673,hailfinder-5000,20,kmax,5,3,297.0,-252481.946,-49.42848072548601,0.03157630681991577
674,child-5000,20,kmax,5,8,38880.0,-62059.503,-12.226682146119426,0.0213081955909729
675,barley-5000,20,kmax,5,4,42768.0,-295858.58,-52.29926179636666,0.11111841917037964
676,alarm-5000,20,kmax,5,11,165888.0,-53793.257,-10.39589165663256,0.08835541486740112
677,water-5000,20,kmax,4,3,192.0,-65865.813,-12.946334057535678,0.01526503324508667
678,survey-5000,20,kmax,4,2,12.0,-19710.916,-3.931762627574588,0.008894526958465576
679,sachs-5000,20,kmax,4,5,729.0,-36511.41,-7.162536099798797,0.012141399383544922
680,munin1-5000,20,kmax,4,10,7680000.0,-237274.2,-42.53022573538124,10.364582657814026
681,mildew-5000,20,kmax,4,4,453600.0,-262638.071,-48.76825478114104,0.6846263265609741
682,link-5000,20,kmax,4,12,16777216.0,-1593670.792,-310.18946031333775,40.02915043830872
683,insurance-5000,20,kmax,4,6,9600.0,-68053.141,-13.171643550104314,0.022703514099121094
684,hepar2-5000,20,kmax,4,5,192.0,-164458.586,-32.658116021154164,0.03046079158782959
685,hailfinder-5000,20,kmax,4,4,891.0,-252475.002,-49.42830012259525,0.03024325370788574
686,diabetes-5000,20,kmax,4,5,1287000.0,-2277909.299,0.0,0.008226704597473145
687,child-5000,20,kmax,4,8,38880.0,-62059.503,-12.226682146119426,0.017518937587738037
688,barley-5000,20,kmax,4,5,213840.0,-295708.559,-52.23393596180752,0.32193516492843627
689,alarm-5000,20,kmax,4,11,497664.0,-53786.291,-10.4276902312045,0.1315264058113098
690,water-5000,20,kmax,3,3,192.0,-65865.813,-12.946465970159297,0.015525541305541991
691,survey-5000,20,kmax,3,2,12.0,-19710.916,-3.931762627574588,0.0071415877342224125
692,sachs-5000,20,kmax,3,5,729.0,-36511.41,-7.162535835738647,0.010043575763702392
693,munin1-5000,20,kmax,3,11,6553600.0,-236824.414,-42.29065091172363,9.449518492221832
694,mildew-5000,20,kmax,3,4,149688.0,-262638.071,-48.76825478114104,0.2524288201332092
695,link-5000,20,kmax,3,9,1048576.0,-1601958.554,-311.36244119863426,10.746699118614195
696,insurance-5000,20,kmax,3,6,9600.0,-68053.141,-13.171643550104314,0.013791611194610595
697,hepar2-5000,20,kmax,3,5,192.0,-164454.842,-32.67190955142393,0.02753470897674561
698,hailfinder-5000,20,kmax,3,4,432.0,-252488.698,-49.428076749074904,0.029917933940887452
699,child-5000,20,kmax,3,8,38880.0,-62059.503,-12.226682146119426,0.02014976501464844
700,barley-5000,20,kmax,3,4,42768.0,-295826.836,-52.558703494321264,0.06070591688156128
701,alarm-5000,20,kmax,3,11,186624.0,-53791.842,-10.396926321198452,0.11333523273468016
702,water-5000,20,kmax,2,3,192.0,-65865.813,-12.946550737922172,0.014470629692077635
703,survey-5000,20,kmax,2,2,12.0,-19710.916,-3.931762627574588,0.007432715892791748
704,sachs-5000,20,kmax,2,5,729.0,-36511.41,-7.1625360002157334,0.010127813816070556
705,munin1-5000,20,kmax,2,11,53760000.0,-236632.85,-42.13377129552465,
706,mildew-5000,20,kmax,2,4,149688.0,-262638.071,-48.76825478114104,0.22174545288085937
707,link-5000,20,kmax,2,9,65536.0,-1599345.135,-311.65168110826596,1.013818211555481
708,insurance-5000,20,kmax,2,6,4800.0,-68053.141,-13.171643550104314,0.018259580135345455
709,hepar2-5000,20,kmax,2,4,96.0,-164460.372,-32.6511580512951,0.028653275966644288
710,hailfinder-5000,20,kmax,2,4,432.0,-252496.98,-49.44166340566487,0.030051617622375487
711,child-5000,20,kmax,2,8,38880.0,-62059.503,-12.22668017503302,0.02238862991333008
712,barley-5000,20,kmax,2,5,213840.0,-295796.796,-52.2664505732863,0.3418380880355835
713,alarm-5000,20,kmax,2,11,497664.0,-53785.734,-10.415059627248963,0.16907883882522584
714,water-5000,20,kmax,1,4,768.0,-65865.813,-12.946550737922172,0.014538500308990478
715,survey-5000,20,kmax,1,2,12.0,-19710.916,-3.931762627574588,0.007540671825408935
716,sachs-5000,20,kmax,1,5,729.0,-36511.41,-7.162536099798797,0.009584019184112547
717,mildew-5000,20,kmax,1,4,149688.0,-262638.071,-48.76825478114104,0.21612292051315307
718,link-5000,20,kmax,1,10,4194304.0,-1601351.194,-310.71002035591255,18.034192912578582
719,insurance-5000,20,kmax,1,6,4608.0,-68053.141,-13.171643550104314,0.01831165313720703
720,hepar2-5000,20,kmax,1,5,192.0,-164456.093,-32.67110832168481,0.028786549568176268
721,hailfinder-5000,20,kmax,1,4,576.0,-252496.285,-49.42113046202075,0.02967413902282715
722,child-5000,20,kmax,1,8,38880.0,-62059.503,-12.226682146119426,0.020477361679077148
723,barley-5000,20,kmax,1,4,42768.0,-295727.167,-52.41130962071846,0.13016222953796386
724,alarm-5000,20,kmax,1,10,248832.0,-53785.96,-10.416296348754278,0.07914806365966796
725,water-5000,20,kg,5,4,576.0,-65865.813,-12.946334060072498,0.015083281993865967
726,survey-5000,20,kg,5,1,6.0,-19710.916,-3.931762627574588,0.007012808322906494
727,sachs-5000,20,kg,5,5,729.0,-36511.41,-7.162535835738647,0.01010232925415039
728,pigs-5000,20,kg,5,11,531441.0,-1859860.469,-366.23720185456904,3.562832851409912
729,munin1-5000,20,kg,5,11,120960000.0,-243803.703,-43.6556078306426,
730,mildew-5000,20,kg,5,4,18144.0,-262638.071,-48.76825478114104,0.02975659132003784
731,link-5000,20,kg,5,6,16384.0,-1643798.053,-319.5340413039511,0.7497588634490967
732,insurance-5000,20,kg,5,12,414720.0,-68053.141,-13.171643550104314,0.07263003826141358
733,hepar2-5000,20,kg,5,12,221184.0,-164548.648,-32.687715898793705,0.45898921966552736
734,hailfinder-5000,20,kg,5,8,217728.0,-252736.741,-49.46475648842612,0.347622754573822
735,child-5000,20,kg,5,6,4860.0,-62059.503,-12.226682146119426,0.01583038568496704
736,barley-5000,20,kg,5,6,1451520.0,-297140.759,-53.287816684631586,0.8270631623268128
737,alarm-5000,20,kg,5,7,3456.0,-53805.44,-10.428041441941089,0.02111196517944336
738,water-5000,20,kg,4,5,2304.0,-65865.813,-12.946550737922172,0.01657221794128418
739,survey-5000,20,kg,4,3,24.0,-19710.916,-3.931762627574588,0.008972277641296387
740,sachs-5000,20,kg,4,4,243.0,-36511.41,-7.162535736155533,0.010429680347442629
741,pigs-5000,20,kg,4,11,531441.0,-1858269.453,-366.265120632891,4.986337902545929
742,pathfinder-5000,20,kg,4,11,87091200.0,-151744.327,-27.13300027627828,
743,munin1-5000,20,kg,4,8,864000.0,-245406.017,-43.95219855922708,3.184773576259613
744,mildew-5000,20,kg,4,5,7905600.0,-262638.071,-48.76825478114104,5.099278750419617
745,link-5000,20,kg,4,6,8192.0,-1645019.209,-320.1294630005755,0.6960546684265136
746,insurance-5000,20,kg,4,7,8640.0,-68053.141,-13.171643550104314,0.022829339504241944
747,hepar2-5000,20,kg,4,9,3072.0,-164540.096,-32.660195393364745,0.028503506183624263
748,hailfinder-5000,20,kg,4,7,76032.0,-252638.97,-49.433501494167345,0.040122542381286624
749,child-5000,20,kg,4,8,17280.0,-62059.503,-12.22668017503302,0.013955535888671875
750,barley-5000,20,kg,4,5,90720.0,-297211.622,-53.12784192946772,0.2453659987449646
751,alarm-5000,20,kg,4,4,192.0,-53809.172,-10.426935822150613,0.01855154037475586
752,water-5000,20,kg,3,5,1728.0,-65865.813,-12.946418827835368,0.015661251544952393
753,survey-5000,20,kg,3,3,24.0,-19710.916,-3.931762627574588,0.007747054100036621
754,sachs-5000,20,kg,3,6,2187.0,-36511.41,-7.162535835738647,0.005954771041870117
755,pigs-5000,20,kg,3,12,1594323.0,-1859738.553,-366.8242054635737,39.03527651548386
756,pathfinder-5000,20,kg,3,12,31352832.0,-151336.96,-27.129054378084128,
757,munin1-5000,20,kg,3,9,4147200.0,-245255.158,-43.76125638453298,8.774034190177918
758,mildew-5000,20,kg,3,3,21672.0,-262638.071,-48.76825478114104,0.05587022542953491
759,link-5000,20,kg,3,8,262144.0,-1635926.36,-317.69574398807976,2.2005497288703917
760,insurance-5000,20,kg,3,6,3456.0,-68053.141,-13.171643550104314,0.020443778038024905
761,hepar2-5000,20,kg,3,6,288.0,-164533.575,-32.665868667629375,0.03149574041366577
762,hailfinder-5000,20,kg,3,7,21384.0,-252630.627,-49.45381043161283,0.059118762016296386
763,diabetes-5000,20,kg,3,9,17280000.0,-2272963.551,0.0,0.007178137302398682
764,child-5000,20,kg,3,6,1296.0,-62059.503,-12.226682146119426,0.014418692588806152
765,barley-5000,20,kg,3,5,108864.0,-297118.705,-53.39553690196893,0.24359328269958497
766,alarm-5000,20,kg,3,5,576.0,-53817.164,-10.425908964885334,0.017031157016754152
767,water-5000,20,kg,2,4,432.0,-65865.813,-12.946465967622514,0.013566112518310547
768,survey-5000,20,kg,2,3,24.0,-19710.916,-3.931762627574588,0.006818106174468994
769,sachs-5000,20,kg,2,5,729.0,-36511.41,-7.162535835738647,0.01089531183242798
770,pigs-5000,20,kg,2,10,177147.0,-1853830.633,-365.132082699245,2.6908019948005677
771,pathfinder-5000,20,kg,2,14,232243200.0,-151332.605,-27.229271189224843,
772,mildew-5000,20,kg,2,4,453600.0,-262638.071,-48.76825478114104,0.38694627285003663
773,munin1-5000,20,kg,2,7,150000.0,-245337.634,-44.59601509652313,0.3076824688911438
774,link-5000,20,kg,2,6,16384.0,-1644419.003,-320.2527447888526,0.7751407599449158
775,insurance-5000,20,kg,2,8,17280.0,-68053.141,-13.171643550104314,0.0245221471786499
776,hepar2-5000,20,kg,2,9,3072.0,-164525.028,-32.68574861838135,0.019938397407531738
777,hailfinder-5000,20,kg,2,6,6480.0,-252736.123,-49.49499538945813,0.04024188756942749
778,child-5000,20,kg,2,12,466560.0,-62059.503,-12.226682146119426,0.03983508110046387
779,barley-5000,20,kg,2,5,192000.0,-297457.492,-53.07499278350715,0.20712294101715087
780,alarm-5000,20,kg,2,5,2304.0,-53818.279,-10.425355834787029,0.02254260778427124
781,water-5000,20,kg,1,4,576.0,-65865.813,-12.946334060072498,0.015090689659118651
782,survey-5000,20,kg,1,3,24.0,-19710.916,-3.931762627574588,0.007665245532989502
783,sachs-5000,20,kg,1,7,6561.0,-36511.41,-7.162535736155533,0.00799431562423706
784,pigs-5000,20,kg,1,10,177147.0,-1850442.848,-364.81649451669733,0.8750138545036316
785,munin1-5000,20,kg,1,11,194400000.0,-244082.25,-43.251033679130295,
786,mildew-5000,20,kg,1,5,1733760.0,-262638.071,-48.76825478114104,0.939730544090271
787,link-5000,20,kg,1,8,16384.0,-1642264.225,-320.2552734039669,0.3341922116279602
788,insurance-5000,20,kg,1,9,61440.0,-68053.141,-13.171643550104314,0.03364914655685425
789,hepar2-5000,20,kg,1,9,13824.0,-164557.739,-32.674876306688496,0.07522904872894287
790,hailfinder-5000,20,kg,1,7,166320.0,-252610.759,-49.43076863999892,0.5057235550880432
791,child-5000,20,kg,1,7,9720.0,-62059.503,-12.226682146119426,0.01619553327560425
792,barley-5000,20,kg,1,6,340200.0,-297602.4,-52.73111863427101,0.2837228727340698
793,alarm-5000,20,kg,1,6,1728.0,-53793.336,-10.397379058790266,0.02057401418685913
794,water-5000,15,kmax,5,3,192.0,-65865.813,-12.946334060412806,0.013891022205352785
795,survey-5000,15,kmax,5,2,12.0,-19710.916,-3.931762627574588,0.00853137969970703
796,sachs-5000,15,kmax,5,5,729.0,-36511.41,-7.162535835738647,0.010961387157440184
797,pigs-5000,15,kmax,5,13,4782969.0,-1798498.286,-355.2316676508246,24.228050944805144
798,pathfinder-5000,15,kmax,5,12,18579456.0,-150609.685,-27.157723845232734,69.64015356302261
799,munin1-5000,15,kmax,5,8,61440.0,-236926.195,-42.86938948951168,0.23833626747131348
800,mildew-5000,15,kmax,5,4,149688.0,-262638.071,-48.76825478114104,0.1624699592590332
801,insurance-5000,15,kmax,5,6,4608.0,-68053.141,-13.171643550104314,0.018772034645080565
802,link-5000,15,kmax,5,8,262144.0,-1598152.034,-311.29397509628006,1.0265699052810668
803,hepar2-5000,15,kmax,5,5,192.0,-164456.093,-32.67110832113721,0.028882951736450196
804,hailfinder-5000,15,kmax,5,4,1452.0,-252558.08,-49.43353983626648,0.045941004753112795
805,diabetes-5000,15,kmax,5,8,36236475.0,-2281156.508,-411.77995317364304,
806,child-5000,15,kmax,5,8,38880.0,-62059.503,-12.22668017503302,0.01941340208053589
807,barley-5000,15,kmax,5,4,42768.0,-296129.276,-52.3539160080785,0.12075424909591675
808,alarm-5000,15,kmax,5,8,20736.0,-53812.042,-10.41429089829896,0.027504451274871822
809,water-5000,15,kmax,4,3,192.0,-65865.813,-12.946334060072498,0.01285158634185791
810,survey-5000,15,kmax,4,2,12.0,-19710.916,-3.931762627574588,0.00930994987487793
811,sachs-5000,15,kmax,4,5,729.0,-36511.41,-7.162535736155533,0.011055264472961426
812,pigs-5000,15,kmax,4,13,4782969.0,-1796786.607,-354.66396913823127,16.65212878704071
813,munin1-5000,15,kmax,4,10,11289600.0,-237581.947,-42.49892740753057,41.16508850336075
814,pathfinder-5000,15,kmax,4,9,2721600.0,-150958.94,-27.05350303318733,6.923631253242493
815,mildew-5000,15,kmax,4,3,4536.0,-262638.071,-48.76825478114104,0.03667701244354248
816,link-5000,15,kmax,4,8,262144.0,-1602948.641,-311.4100227927541,3.2882788610458373
817,insurance-5000,15,kmax,4,5,1152.0,-68053.141,-13.171643550104314,0.01811209201812744
818,hepar2-5000,15,kmax,4,4,96.0,-164471.05,-32.67768804076009,0.03195352077484131
819,hailfinder-5000,15,kmax,4,4,432.0,-252549.795,-49.433085658969176,0.026140453815460204
820,diabetes-5000,15,kmax,4,8,75108330.0,-2281800.732,-411.6593773157299,
821,child-5000,15,kmax,4,6,4320.0,-62059.503,-12.226682146119426,0.014983575344085691
822,barley-5000,15,kmax,4,5,213840.0,-296074.838,-52.47922999731666,0.25583999156951903
823,alarm-5000,15,kmax,4,8,13824.0,-53799.4,-10.415587548917786,0.022968993186950684
824,water-5000,15,kmax,3,3,192.0,-65865.813,-12.946465967622514,0.014287633895874024
825,survey-5000,15,kmax,3,2,12.0,-19710.916,-3.931762627574588,0.0081508469581604
826,sachs-5000,15,kmax,3,5,729.0,-36511.41,-7.1625360002157334,0.009351367950439454
827,pigs-5000,15,kmax,3,14,14348907.0,-1798142.772,-354.93927404903525,
828,pathfinder-5000,15,kmax,3,11,61931520.0,-151090.379,-26.912167150756652,
829,munin1-5000,15,kmax,3,7,38400.0,-237240.429,-42.67923634686729,0.2213112258911133
830,link-5000,15,kmax,3,8,131072.0,-1603076.083,-311.47337803199906,1.634459683895111
831,mildew-5000,15,kmax,3,3,4536.0,-262638.071,-48.76825478114104,0.03113218784332275
832,insurance-5000,15,kmax,3,6,4608.0,-68054.76,-13.171612752701334,0.017395148277282713
833,hepar2-5000,15,kmax,3,4,96.0,-164468.498,-32.66096858789001,0.02567275524139404
834,hailfinder-5000,15,kmax,3,4,1452.0,-252540.316,-49.41220420023589,0.04406078577041626
835,child-5000,15,kmax,3,6,4320.0,-62059.503,-12.226682146119426,0.014373095035552978
836,barley-5000,15,kmax,3,4,42768.0,-296166.016,-52.47349645060428,0.1088260793685913
837,alarm-5000,15,kmax,3,7,3456.0,-53795.755,-10.427574530673157,0.019278616905212403
838,survey-5000,15,kmax,2,2,12.0,-19710.916,-3.931762627574588,0.007754302024841309
839,water-5000,15,kmax,2,3,192.0,-65865.813,-12.946334060072498,0.01517176866531372
840,sachs-5000,15,kmax,2,5,729.0,-36511.41,-7.162535835738647,0.009001779556274413
841,pathfinder-5000,15,kmax,2,11,13934592.0,-150939.733,-26.994988424643445,27.45978325843811
842,pigs-5000,15,kmax,2,15,43046721.0,-1797593.049,-354.810246250575,
843,link-5000,15,kmax,2,12,33554432.0,-1593198.805,-309.65481034105676,
844,mildew-5000,15,kmax,2,3,11520.0,-262638.071,-48.76825478114104,0.04237698316574097
845,munin1-5000,15,kmax,2,10,7168000.0,-237876.447,-42.58814083555719,26.756940879821776
846,insurance-5000,15,kmax,2,6,4608.0,-68053.141,-13.171643550104314,0.019997532367706294
847,hepar2-5000,15,kmax,2,4,96.0,-164468.184,-32.657546418595686,0.02945984601974487
848,child-5000,15,kmax,2,7,7776.0,-62059.503,-12.22668017503302,0.014463748931884766
849,hailfinder-5000,15,kmax,2,4,1452.0,-252579.287,-49.440588249575,0.03620094060897827
850,diabetes-5000,15,kmax,2,4,9690.0,-2274783.634,-408.8973999187817,0.2511184549331665
851,barley-5000,15,kmax,2,4,42768.0,-296074.838,-52.47917227339179,0.10571710824966432
852,alarm-5000,15,kmax,2,8,20736.0,-53809.513,-10.427221627235424,0.03701010227203369
853,water-5000,15,kmax,1,3,192.0,-65865.813,-12.946465967622514,0.014723620414733886
854,survey-5000,15,kmax,1,2,12.0,-19710.916,-3.931762627574588,0.007889885902404786
855,sachs-5000,15,kmax,1,5,729.0,-36511.41,-7.162535736155533,0.010668632984161376
856,pigs-5000,15,kmax,1,14,14348907.0,-1798312.735,-354.94362811628685,
857,pathfinder-5000,15,kmax,1,7,96768.0,-151015.703,-27.02767087222882,0.7686638569831848
858,munin1-5000,15,kmax,1,9,1008000.0,-237106.799,-42.45715216318263,1.2001317381858825
859,insurance-5000,15,kmax,1,6,4608.0,-68054.76,-13.171612752701334,0.018259737491607662
860,mildew-5000,15,kmax,1,3,4536.0,-262638.071,-48.76825478114104,0.03767394781112671
861,hailfinder-5000,15,kmax,1,4,1584.0,-252549.713,-49.43061679374083,0.039768729209899906
862,hepar2-5000,15,kmax,1,4,96.0,-164453.812,-32.66101747761083,0.02787370681762695
863,barley-5000,15,kmax,1,4,42768.0,-296124.762,-52.34628389047053,0.12018158435821533
864,child-5000,15,kmax,1,8,38880.0,-62059.503,-12.226682146119426,0.020546514987945557
865,alarm-5000,15,kmax,1,8,31104.0,-53818.995,-10.415133573281208,0.04282093048095703
866,water-5000,15,kg,5,4,432.0,-65865.813,-12.946465970499538,0.014940464496612548
867,survey-5000,15,kg,5,1,6.0,-19710.916,-3.931762627574588,0.008566827774047851
868,sachs-5000,15,kg,5,5,729.0,-36511.41,-7.162535736155533,0.009407951831817626
869,pigs-5000,15,kg,5,6,2187.0,-1864368.192,-367.1859619923584,0.2961802363395691
870,pathfinder-5000,15,kg,5,12,130636800.0,-151716.28,-27.33418691608496,
871,link-5000,15,kg,5,6,16384.0,-1644918.89,-319.52806471603793,0.7041351246833801
872,mildew-5000,15,kg,5,4,11664.0,-262639.469,-48.74772611386154,0.04243708372116089
873,munin1-5000,15,kg,5,8,12757500.0,-245846.997,-43.99790073234566,35.001412315368654
874,hepar2-5000,15,kg,5,7,1152.0,-164571.803,-32.67099195309255,0.030726046562194825
875,hailfinder-5000,15,kg,5,9,362880.0,-252802.679,-49.43066640319473,0.7085006427764893
876,insurance-5000,15,kg,5,7,15360.0,-68054.76,-13.171612752701334,0.018418238162994385
877,child-5000,15,kg,5,6,1728.0,-62059.503,-12.226682146119426,0.013913803100585938
878,barley-5000,15,kg,5,3,2700.0,-298060.611,-53.20356711885577,0.028590824604034424
879,alarm-5000,15,kg,5,5,648.0,-53902.887,-10.433981003429194,0.020572671890258788
880,water-5000,15,kg,4,4,768.0,-65865.813,-12.946465970159297,0.014507224559783935
881,survey-5000,15,kg,4,3,24.0,-19710.916,-3.931762627574588,0.007151012420654297
882,sachs-5000,15,kg,4,4,243.0,-36511.41,-7.162536099798797,0.0071995282173156734
883,pigs-5000,15,kg,4,9,59049.0,-1859764.456,-366.1920485972104,0.3945458769798279
884,pathfinder-5000,15,kg,4,8,1209600.0,-151833.748,-27.15278092588092,4.30715399980545
885,mildew-5000,15,kg,4,5,1541120.0,-262639.469,-48.74772611386154,1.092965989112854
886,munin1-5000,15,kg,4,7,288000.0,-244981.837,-44.36076167134009,1.9574993085861203
887,insurance-5000,15,kg,4,8,46080.0,-68054.76,-13.171612752701334,0.02640479803085327
888,hepar2-5000,15,kg,4,8,1152.0,-164546.095,-32.66700737881744,0.018291707038879394
889,hailfinder-5000,15,kg,4,5,1188.0,-252681.222,-49.48364690482885,0.028100900650024414
890,diabetes-5000,15,kg,4,5,64350.0,-2270901.799,-405.1482747828338,1.0930454850196838
891,child-5000,15,kg,4,7,7776.0,-62059.503,-12.226682146119426,0.014578313827514648
892,barley-5000,15,kg,4,4,15120.0,-298511.189,-53.359435039628934,0.08772478580474853
893,alarm-5000,15,kg,4,7,13824.0,-53927.906,-10.427673133549115,0.032041707038879395
894,water-5000,15,kg,3,3,144.0,-65865.813,-12.946334060072498,0.015646748542785645
895,sachs-5000,15,kg,3,6,2187.0,-36511.41,-7.162536099798797,0.010833897590637208
896,survey-5000,15,kg,3,2,8.0,-19710.916,-3.931762627574588,0.008209176063537597
897,pathfinder-5000,15,kg,3,8,2177280.0,-152058.694,-27.084832808341226,11.450621514320371
898,pigs-5000,15,kg,3,9,59049.0,-1853856.19,-365.24538854814887,1.1176641273498535
899,munin1-5000,15,kg,3,6,55296.0,-245930.329,-44.35046034230446,0.3147068810462952
900,insurance-5000,15,kg,3,9,103680.0,-68054.76,-13.171612752701334,0.05193289995193481
901,mildew-5000,15,kg,3,6,13077504.0,-262639.469,-48.74772611386154,4.81188636302948
902,hepar2-5000,15,kg,3,4,72.0,-164565.055,-32.67450279137796,0.03019186735153198
903,link-5000,15,kg,3,6,16384.0,-1645783.451,-320.49721740386747,0.6158477592468262
904,hailfinder-5000,15,kg,3,5,3960.0,-252697.664,-49.463010807728374,0.054683356285095214
905,child-5000,15,kg,3,7,3888.0,-62059.503,-12.226682146119426,0.011653814315795898
906,barley-5000,15,kg,3,6,1399680.0,-298439.014,-52.874852435406495,0.3407099151611328
907,alarm-5000,15,kg,3,7,13824.0,-53829.989,-10.414759601569497,0.02638746500015259
908,sachs-5000,15,kg,2,4,243.0,-36511.41,-7.162536099798797,0.01167912244796753
909,water-5000,15,kg,2,4,432.0,-65865.813,-12.946334060412806,0.01564847707748413
910,survey-5000,15,kg,2,3,24.0,-19710.916,-3.931762627574588,0.007492082118988037
911,pathfinder-5000,15,kg,2,8,725760.0,-151811.045,-27.372832234389264,2.4411453342437746
912,munin1-5000,15,kg,2,7,907200.0,-246194.146,-43.94314777871612,3.4162101578712463
913,pigs-5000,15,kg,2,10,177147.0,-1865310.088,-367.70115779767207,2.286213037967682
914,hailfinder-5000,15,kg,2,4,324.0,-252731.605,-49.46390088453392,0.02243905305862427
915,mildew-5000,15,kg,2,4,71680.0,-262639.469,-48.74772611386154,0.0823548674583435
916,hepar2-5000,15,kg,2,6,576.0,-164562.333,-32.677802771760895,0.027766094207763672
917,insurance-5000,15,kg,2,6,4800.0,-68054.76,-13.171612752701334,0.018349905014038086
918,water-5000,15,kg,1,3,192.0,-65865.813,-12.94633297885034,0.01284268856048584
919,hepar2-5000,15,kg,1,7,1728.0,-164525.913,-32.67071619700686,0.02556375980377197
920,survey-5000,15,kg,1,3,24.0,-19710.916,-3.931762627574588,0.007224276065826416
921,child-5000,15,kg,2,8,16200.0,-62059.503,-12.22668017503302,0.0144320011138916
922,pigs-5000,15,kg,1,11,531441.0,-1862703.685,-366.76188237710875,7.440567233562469
923,munin-5000,15,kg,1,3,1080.0,-1070558.904,-197.0139500044542,1.0329569792747495
924,barley-5000,15,kg,1,4,13608.0,-298327.239,-53.30318799078907,0.06484892845153808
925,link-5000,15,kg,1,7,65536.0,-1644118.532,-320.0921875211762,0.7818525099754333
926,alarm-5000,15,kg,1,6,2592.0,-53921.944,-10.426833364985535,0.028391456604003905
927,diabetes-5000,15,kg,2,3,4080.0,-2281056.982,-407.79944545407216,0.4232574152946472
928,munin1-5000,15,kg,1,9,4200000.0,-246201.406,-43.937133108754416,8.85720739364624
929,insurance-5000,15,kg,1,7,14400.0,-68054.76,-13.171612752701334,0.019611175060272216
930,sachs-5000,15,kg,1,7,6561.0,-36511.41,-7.1625360002157334,0.008440756797790527
931,alarm-5000,15,kg,2,6,1152.0,-53948.325,-10.397497903272733,0.015299327373504638
932,mildew-5000,15,kg,1,4,184320.0,-262638.071,-48.76825478114104,0.1429447603225708
933,child-5000,15,kg,1,8,11664.0,-62059.503,-12.22668017503302,0.012673654556274417
934,pathfinder-5000,15,kg,1,6,45360.0,-152021.688,-27.085061492113553,0.2966231942176819
935,hailfinder-5000,15,kg,1,4,4356.0,-252701.069,-49.449877374479115,0.03215546131134033
936,barley-5000,15,kg,2,5,155520.0,-298039.44,-53.4693355337856,0.16167523860931396
